id,ntu_value,analog_value,voltage,raw_adc,vout_esp32,sensor_voltage,water_quality,reading_time
1,2.1539008844460295,215,0.17326007326007326,215,0.17326007326007326,0.17326007326007326,good,2025-08-23 17:45:09.815233
2,1.5705355656017939,157,0.1265201465201465,157,0.1265201465201465,0.1265201465201465,good,2025-08-23 18:45:09.815233
3,2.1506373825335676,215,0.17326007326007326,215,0.17326007326007326,0.17326007326007326,good,2025-08-23 19:45:09.815233
4,3.5442566948944867,354,0.28527472527472525,354,0.28527472527472525,0.28527472527472525,good,2025-08-23 20:45:09.815233
5,3.5335130909168035,353,0.28446886446886444,353,0.28446886446886444,0.28446886446886444,good,2025-08-23 21:45:09.815233
6,3.5428086784201773,354,0.28527472527472525,354,0.28527472527472525,0.28527472527472525,good,2025-08-23 22:45:09.815233
7,3.7317379004890108,373,0.30058608058608055,373,0.30058608058608055,0.30058608058608055,good,2025-08-23 23:45:09.815233
8,3.881498637216959,388,0.31267399267399265,388,0.31267399267399265,0.31267399267399265,good,2025-08-24 00:45:09.815233
9,3.3239134399328814,332,0.26754578754578756,332,0.26754578754578756,0.26754578754578756,good,2025-08-24 01:45:09.815233
10,3.0017868710338322,300,0.24175824175824176,300,0.24175824175824176,0.24175824175824176,good,2025-08-24 02:45:09.815233
11,3.213263651915236,321,0.25868131868131866,321,0.25868131868131866,0.25868131868131866,good,2025-08-24 03:45:09.815233
12,2.2989342031660063,229,0.18454212454212454,229,0.18454212454212454,0.18454212454212454,good,2025-08-24 04:45:09.815233
13,2.638010116974794,263,0.21194139194139192,263,0.21194139194139192,0.21194139194139192,good,2025-08-24 05:45:09.815233
14,1.2277482585003605,122,0.09831501831501832,122,0.09831501831501832,0.09831501831501832,good,2025-08-24 06:45:09.815233
15,2.264577818662822,226,0.1821245421245421,226,0.1821245421245421,0.1821245421245421,good,2025-08-24 07:45:09.815233
16,1.7076706459420374,170,0.13699633699633698,170,0.13699633699633698,0.13699633699633698,good,2025-08-24 08:45:09.815233
17,1.3922968195439023,139,0.112014652014652,139,0.112014652014652,0.112014652014652,good,2025-08-24 09:45:09.815233
18,1.636276938112656,163,0.13135531135531134,163,0.13135531135531134,0.13135531135531134,good,2025-08-24 10:45:09.815233
19,1.9562270240900217,195,0.1571428571428571,195,0.1571428571428571,0.1571428571428571,good,2025-08-24 11:45:09.815233
20,1.7105837043535839,171,0.1378021978021978,171,0.1378021978021978,0.1378021978021978,good,2025-08-24 12:45:09.815233
21,0.4606975164284386,46,0.03706959706959707,46,0.03706959706959707,0.03706959706959707,good,2025-08-24 13:45:09.815233
22,1.0066581260388752,100,0.08058608058608058,100,0.08058608058608058,0.08058608058608058,good,2025-08-24 14:45:09.815233
23,1.6706425829819862,167,0.13457875457875457,167,0.13457875457875457,0.13457875457875457,good,2025-08-24 15:45:09.815233
24,2.3827886805970873,238,0.19179487179487179,238,0.19179487179487179,0.19179487179487179,good,2025-08-24 16:45:09.815233
25,3.040660992702591,304,0.24498168498168496,304,0.24498168498168496,0.24498168498168496,good,2025-08-24 17:45:09.815233
26,2.829954440843717,282,0.22725274725274724,282,0.22725274725274724,0.22725274725274724,good,2025-08-24 18:45:09.815233
27,3.669622156554534,366,0.2949450549450549,366,0.2949450549450549,0.2949450549450549,good,2025-08-24 19:45:09.815233
28,3.529692904831444,352,0.2836630036630036,352,0.2836630036630036,0.2836630036630036,good,2025-08-24 20:45:09.815233
29,3.859304607965122,385,0.3102564102564102,385,0.3102564102564102,0.3102564102564102,good,2025-08-24 21:45:09.815233
30,3.629673584514101,362,0.2917216117216117,362,0.2917216117216117,0.2917216117216117,good,2025-08-24 22:45:09.815233
31,3.939352244846967,393,0.3167032967032967,393,0.3167032967032967,0.3167032967032967,good,2025-08-24 23:45:09.815233
32,3.6896086924954123,368,0.29655677655677654,368,0.29655677655677654,0.29655677655677654,good,2025-08-25 00:45:09.815233
33,3.741975227832197,374,0.30139194139194136,374,0.30139194139194136,0.30139194139194136,good,2025-08-25 01:45:09.815233
34,4.531364400392109,453,0.365054945054945,453,0.365054945054945,0.365054945054945,good,2025-08-25 02:45:09.815233
35,3.230873361370169,323,0.2602930402930403,323,0.2602930402930403,0.2602930402930403,good,2025-08-25 03:45:09.815233
36,4.6703454263615445,467,0.3763369963369963,467,0.3763369963369963,0.3763369963369963,good,2025-08-25 04:45:09.815233
37,3.2215868626222686,322,0.2594871794871795,322,0.2594871794871795,0.2594871794871795,good,2025-08-25 05:45:09.815233
38,2.686755967426945,268,0.21597069597069596,268,0.21597069597069596,0.21597069597069596,good,2025-08-25 06:45:09.815233
39,1.809651936134523,180,0.14505494505494507,180,0.14505494505494507,0.14505494505494507,good,2025-08-25 07:45:09.815233
40,2.2832069778179185,228,0.18373626373626373,228,0.18373626373626373,0.18373626373626373,good,2025-08-25 08:45:09.815233
41,1.4103467783856352,141,0.11362637362637362,141,0.11362637362637362,0.11362637362637362,good,2025-08-25 09:45:09.815233
42,1.6114168726774778,161,0.12974358974358974,161,0.12974358974358974,0.12974358974358974,good,2025-08-25 10:45:09.815233
43,2.7800422691343973,278,0.224029304029304,278,0.224029304029304,0.224029304029304,good,2025-08-25 11:45:09.815233
44,1.5023820154924712,150,0.12087912087912088,150,0.12087912087912088,0.12087912087912088,good,2025-08-25 12:45:09.815233
45,2.2728023546473595,227,0.1829304029304029,227,0.1829304029304029,0.1829304029304029,good,2025-08-25 13:45:09.815233
46,1.581463825550478,158,0.12732600732600732,158,0.12732600732600732,0.12732600732600732,good,2025-08-25 14:45:09.815233
47,2.2213365809766454,222,0.1789010989010989,222,0.1789010989010989,0.1789010989010989,good,2025-08-25 15:45:09.815233
48,3.479738223397262,347,0.2796336996336996,347,0.2796336996336996,0.2796336996336996,good,2025-08-25 16:45:09.815233
49,2.6614443832879395,266,0.21435897435897436,266,0.21435897435897436,0.21435897435897436,good,2025-08-25 17:45:09.815233
50,4.260378672941313,426,0.3432967032967033,426,0.3432967032967033,0.3432967032967033,good,2025-08-25 18:45:09.815233
51,4.059448773513879,405,0.3263736263736263,405,0.3263736263736263,0.3263736263736263,good,2025-08-25 19:45:09.815233
52,3.723310114141054,372,0.29978021978021974,372,0.29978021978021974,0.29978021978021974,good,2025-08-25 20:45:09.815233
53,4.546115723848623,454,0.3658608058608058,454,0.3658608058608058,0.3658608058608058,good,2025-08-25 21:45:09.815233
54,4.851728220116944,485,0.3908424908424908,485,0.3908424908424908,0.3908424908424908,good,2025-08-25 22:45:09.815233
55,4.711873849011017,471,0.3795604395604395,471,0.3795604395604395,0.3795604395604395,good,2025-08-25 23:45:09.815233
56,3.547891772992984,354,0.28527472527472525,354,0.28527472527472525,0.28527472527472525,good,2025-08-26 00:45:09.815233
57,3.801494921548663,380,0.30622710622710625,380,0.30622710622710625,0.30622710622710625,good,2025-08-26 01:45:09.815233
58,3.7836250532323543,378,0.3046153846153846,378,0.3046153846153846,0.3046153846153846,good,2025-08-26 02:45:09.815233
59,3.539022059765972,353,0.28446886446886444,353,0.28446886446886444,0.28446886446886444,good,2025-08-26 03:45:09.815233
60,3.5031623961957887,350,0.28205128205128205,350,0.28205128205128205,0.28205128205128205,good,2025-08-26 04:45:09.815233
61,2.8706819829346606,287,0.23128205128205126,287,0.23128205128205126,0.23128205128205126,good,2025-08-26 05:45:09.815233
62,1.7020709761366224,170,0.13699633699633698,170,0.13699633699633698,0.13699633699633698,good,2025-08-26 06:45:09.815233
63,2.1731507973328097,217,0.17487179487179486,217,0.17487179487179486,0.17487179487179486,good,2025-08-26 07:45:09.815233
64,1.9517394820486376,195,0.1571428571428571,195,0.1571428571428571,0.1571428571428571,good,2025-08-26 08:45:09.815233
65,1.6610298560597825,166,0.13377289377289378,166,0.13377289377289378,0.13377289377289378,good,2025-08-26 09:45:09.815233
66,1.7437890346218299,174,0.1402197802197802,174,0.1402197802197802,0.1402197802197802,good,2025-08-26 10:45:09.815233
67,1.5404508791331857,154,0.1241025641025641,154,0.1241025641025641,0.1241025641025641,good,2025-08-26 11:45:09.815233
68,1.3745214857541173,137,0.1104029304029304,137,0.1104029304029304,0.1104029304029304,good,2025-08-26 12:45:09.815233
69,1.229199096657641,122,0.09831501831501832,122,0.09831501831501832,0.09831501831501832,good,2025-08-26 13:45:09.815233
70,0.6408914379775179,64,0.051575091575091575,64,0.051575091575091575,0.051575091575091575,good,2025-08-26 14:45:09.815233
71,1.964809109566293,196,0.15794871794871795,196,0.15794871794871795,0.15794871794871795,good,2025-08-26 15:45:09.815233
72,2.182883904200838,218,0.17567765567765567,218,0.17567765567765567,0.17567765567765567,good,2025-08-26 16:45:09.815233
73,2.569673157715244,256,0.2063003663003663,256,0.2063003663003663,0.2063003663003663,good,2025-08-26 17:45:09.815233
74,2.1497463040633638,214,0.17245421245421244,214,0.17245421245421244,0.17245421245421244,good,2025-08-26 18:45:09.815233
75,2.574812754162262,257,0.2071062271062271,257,0.2071062271062271,0.2071062271062271,good,2025-08-26 19:45:09.815233
76,3.9175156604014405,391,0.31509157509157504,391,0.31509157509157504,0.31509157509157504,good,2025-08-26 20:45:09.815233
77,3.5740157031592337,357,0.28769230769230764,357,0.28769230769230764,0.28769230769230764,good,2025-08-26 21:45:09.815233
78,4.048458133222436,404,0.32556776556776557,404,0.32556776556776557,0.32556776556776557,good,2025-08-26 22:45:09.815233
79,3.736680122021545,373,0.30058608058608055,373,0.30058608058608055,0.30058608058608055,good,2025-08-26 23:45:09.815233
80,3.64967841634439,364,0.29333333333333333,364,0.29333333333333333,0.29333333333333333,good,2025-08-27 00:45:09.815233
81,3.9172222748408316,391,0.31509157509157504,391,0.31509157509157504,0.31509157509157504,good,2025-08-27 01:45:09.815233
82,2.9146022837744443,291,0.2345054945054945,291,0.2345054945054945,0.2345054945054945,good,2025-08-27 02:45:09.815233
83,2.8727904820569212,287,0.23128205128205126,287,0.23128205128205126,0.23128205128205126,good,2025-08-27 03:45:09.815233
84,2.194482117577584,219,0.17648351648351646,219,0.17648351648351646,0.17648351648351646,good,2025-08-27 04:45:09.815233
85,1.7827518862838436,178,0.14344322344322344,178,0.14344322344322344,0.14344322344322344,good,2025-08-27 05:45:09.815233
86,1.4197941763355726,141,0.11362637362637362,141,0.11362637362637362,0.11362637362637362,good,2025-08-27 06:45:09.815233
87,1.2863367922304343,128,0.10315018315018315,128,0.10315018315018315,0.10315018315018315,good,2025-08-27 07:45:09.815233
88,0.5880010412851362,58,0.04673992673992674,58,0.04673992673992674,0.04673992673992674,good,2025-08-27 08:45:09.815233
89,1.1797976909339298,117,0.09428571428571428,117,0.09428571428571428,0.09428571428571428,good,2025-08-27 09:45:09.815233
90,0.1,10,0.008058608058608058,10,0.008058608058608058,0.008058608058608058,good,2025-08-27 10:45:09.815233
91,0.1840432439630062,18,0.014505494505494505,18,0.014505494505494505,0.014505494505494505,good,2025-08-27 11:45:09.815233
92,0.1,10,0.008058608058608058,10,0.008058608058608058,0.008058608058608058,good,2025-08-27 12:45:09.815233
93,1.129695662089302,112,0.09025641025641025,112,0.09025641025641025,0.09025641025641025,good,2025-08-27 13:45:09.815233
94,0.7073381545207976,70,0.05641025641025641,70,0.05641025641025641,0.05641025641025641,good,2025-08-27 14:45:09.815233
95,1.4005812453679218,140,0.11282051282051282,140,0.11282051282051282,0.11282051282051282,good,2025-08-27 15:45:09.815233
96,0.46909922150799344,46,0.03706959706959707,46,0.03706959706959707,0.03706959706959707,good,2025-08-27 16:45:09.815233
97,1.6996413938170698,169,0.13619047619047617,169,0.13619047619047617,0.13619047619047617,good,2025-08-27 17:45:09.815233
98,2.3657753371924337,236,0.19018315018315018,236,0.19018315018315018,0.19018315018315018,good,2025-08-27 18:45:09.815233
99,2.2911419946377105,229,0.18454212454212454,229,0.18454212454212454,0.18454212454212454,good,2025-08-27 19:45:09.815233
100,3.06136828279716,306,0.24659340659340656,306,0.24659340659340656,0.24659340659340656,good,2025-08-27 20:45:09.815233
101,2.477073822562851,247,0.19904761904761903,247,0.19904761904761903,0.19904761904761903,good,2025-08-27 21:45:09.815233
102,3.5597422739528906,355,0.28608058608058606,355,0.28608058608058606,0.28608058608058606,good,2025-08-27 22:45:09.815233
103,4.025959259950891,402,0.32395604395604394,402,0.32395604395604394,0.32395604395604394,good,2025-08-27 23:45:09.815233
104,2.6151820479356527,261,0.21032967032967032,261,0.21032967032967032,0.21032967032967032,good,2025-08-28 00:45:09.815233
105,2.3961141072053525,239,0.1926007326007326,239,0.1926007326007326,0.1926007326007326,good,2025-08-28 01:45:09.815233
106,3.0802456291521225,308,0.2482051282051282,308,0.2482051282051282,0.2482051282051282,good,2025-08-28 02:45:09.815233
107,2.806734201035531,280,0.22564102564102564,280,0.22564102564102564,0.22564102564102564,good,2025-08-28 03:45:09.815233
108,1.3688268309316978,136,0.1095970695970696,136,0.1095970695970696,0.1095970695970696,good,2025-08-28 04:45:09.815233
109,1.0080751089840434,100,0.08058608058608058,100,0.08058608058608058,0.08058608058608058,good,2025-08-28 05:45:09.815233
110,0.6662813481493017,66,0.05318681318681319,66,0.05318681318681319,0.05318681318681319,good,2025-08-28 06:45:09.815233
111,0.1,10,0.008058608058608058,10,0.008058608058608058,0.008058608058608058,good,2025-08-28 07:45:09.815233
112,0.1,10,0.008058608058608058,10,0.008058608058608058,0.008058608058608058,good,2025-08-28 08:45:09.815233
113,0.1,10,0.008058608058608058,10,0.008058608058608058,0.008058608058608058,good,2025-08-28 09:45:09.815233
114,0.1,10,0.008058608058608058,10,0.008058608058608058,0.008058608058608058,good,2025-08-28 10:45:09.815233
115,0.1,10,0.008058608058608058,10,0.008058608058608058,0.008058608058608058,good,2025-08-28 11:45:09.815233
116,0.1,10,0.008058608058608058,10,0.008058608058608058,0.008058608058608058,good,2025-08-28 12:45:09.815233
117,0.5453383920861762,54,0.04351648351648352,54,0.04351648351648352,0.04351648351648352,good,2025-08-28 13:45:09.815233
118,0.1,10,0.008058608058608058,10,0.008058608058608058,0.008058608058608058,good,2025-08-28 14:45:09.815233
119,0.7865883934521505,78,0.06285714285714286,78,0.06285714285714286,0.06285714285714286,good,2025-08-28 15:45:09.815233
120,0.5388511839443924,53,0.04271062271062271,53,0.04271062271062271,0.04271062271062271,good,2025-08-28 16:45:09.815233
121,1.0003402329919528,100,0.08058608058608058,100,0.08058608058608058,0.08058608058608058,good,2025-08-28 17:45:09.815233
122,1.743071840503795,174,0.1402197802197802,174,0.1402197802197802,0.1402197802197802,good,2025-08-28 18:45:09.815233
123,1.1998081629937196,119,0.09589743589743589,119,0.09589743589743589,0.09589743589743589,good,2025-08-28 19:45:09.815233
124,2.2581528349786,225,0.1813186813186813,225,0.1813186813186813,0.1813186813186813,good,2025-08-28 20:45:09.815233
125,2.3850604126020043,238,0.19179487179487179,238,0.19179487179487179,0.19179487179487179,good,2025-08-28 21:45:09.815233
126,2.6958136666492782,269,0.21677655677655677,269,0.21677655677655677,0.21677655677655677,good,2025-08-28 22:45:09.815233
127,2.644584321953909,264,0.21274725274725276,264,0.21274725274725276,0.21274725274725276,good,2025-08-28 23:45:09.815233
128,3.67723810460065,367,0.2957509157509157,367,0.2957509157509157,0.2957509157509157,good,2025-08-29 00:45:09.815233
129,1.9829643163698227,198,0.15956043956043955,198,0.15956043956043955,0.15956043956043955,good,2025-08-29 01:45:09.815233
130,1.801449484385672,180,0.14505494505494507,180,0.14505494505494507,0.14505494505494507,good,2025-08-29 02:45:09.815233
131,1.44959891056249,144,0.11604395604395604,144,0.11604395604395604,0.11604395604395604,good,2025-08-29 03:45:09.815233
132,1.1279235348403647,112,0.09025641025641025,112,0.09025641025641025,0.09025641025641025,good,2025-08-29 04:45:09.815233
133,0.7063785241649141,70,0.05641025641025641,70,0.05641025641025641,0.05641025641025641,good,2025-08-29 05:45:09.815233
134,1.2403538716109312,124,0.09992673992673992,124,0.09992673992673992,0.09992673992673992,good,2025-08-29 06:45:09.815233
135,1.0046793182087894,100,0.08058608058608058,100,0.08058608058608058,0.08058608058608058,good,2025-08-29 07:45:09.815233
136,0.1,10,0.008058608058608058,10,0.008058608058608058,0.008058608058608058,good,2025-08-29 08:45:09.815233
137,0.1,10,0.008058608058608058,10,0.008058608058608058,0.008058608058608058,good,2025-08-29 09:45:09.815233
138,0.1,10,0.008058608058608058,10,0.008058608058608058,0.008058608058608058,good,2025-08-29 10:45:09.815233
139,0.1,10,0.008058608058608058,10,0.008058608058608058,0.008058608058608058,good,2025-08-29 11:45:09.815233
140,0.1,10,0.008058608058608058,10,0.008058608058608058,0.008058608058608058,good,2025-08-29 12:45:09.815233
141,0.1,10,0.008058608058608058,10,0.008058608058608058,0.008058608058608058,good,2025-08-29 13:45:09.815233
142,0.1,10,0.008058608058608058,10,0.008058608058608058,0.008058608058608058,good,2025-08-29 14:45:09.815233
143,1.1975138263490397,119,0.09589743589743589,119,0.09589743589743589,0.09589743589743589,good,2025-08-29 15:45:09.815233
144,1.705112489127307,170,0.13699633699633698,170,0.13699633699633698,0.13699633699633698,good,2025-08-29 16:45:09.815233
145,0.9117741722897748,91,0.07333333333333333,91,0.07333333333333333,0.07333333333333333,good,2025-08-29 17:45:09.815233
146,1.4364060645403358,143,0.11523809523809524,143,0.11523809523809524,0.11523809523809524,good,2025-08-29 18:45:09.815233
147,2.159880823532619,215,0.17326007326007326,215,0.17326007326007326,0.17326007326007326,good,2025-08-29 19:45:09.815233
148,2.520781785586789,252,0.20307692307692307,252,0.20307692307692307,0.20307692307692307,good,2025-08-29 20:45:09.815233
149,2.9481375042421516,294,0.2369230769230769,294,0.2369230769230769,0.2369230769230769,good,2025-08-29 21:45:09.815233
150,3.8017035975386557,380,0.30622710622710625,380,0.30622710622710625,0.30622710622710625,good,2025-08-29 22:45:09.815233
151,2.7880365843942414,278,0.224029304029304,278,0.224029304029304,0.224029304029304,good,2025-08-29 23:45:09.815233
152,2.4559199315908753,245,0.19743589743589743,245,0.19743589743589743,0.19743589743589743,good,2025-08-30 00:45:09.815233
153,2.0460584336057743,204,0.1643956043956044,204,0.1643956043956044,0.1643956043956044,good,2025-08-30 01:45:09.815233
154,2.1631630752935274,216,0.17406593406593407,216,0.17406593406593407,0.17406593406593407,good,2025-08-30 02:45:09.815233
155,2.2334365135631025,223,0.1797069597069597,223,0.1797069597069597,0.1797069597069597,good,2025-08-30 03:45:09.815233
156,2.818238871139613,281,0.22644688644688646,281,0.22644688644688646,0.22644688644688646,good,2025-08-30 04:45:09.815233
157,1.3073106113643636,130,0.10476190476190475,130,0.10476190476190475,0.10476190476190475,good,2025-08-30 05:45:09.815233
158,1.323773383845932,132,0.10637362637362638,132,0.10637362637362638,0.10637362637362638,good,2025-08-30 06:45:09.815233
159,0.8764475275972319,87,0.0701098901098901,87,0.0701098901098901,0.0701098901098901,good,2025-08-30 07:45:09.815233
160,1.2032574029890541,120,0.09670329670329669,120,0.09670329670329669,0.09670329670329669,good,2025-08-30 08:45:09.815233
161,1.6696729328492477,166,0.13377289377289378,166,0.13377289377289378,0.13377289377289378,good,2025-08-30 09:45:09.815233
162,0.1,10,0.008058608058608058,10,0.008058608058608058,0.008058608058608058,good,2025-08-30 10:45:09.815233
163,0.1,10,0.008058608058608058,10,0.008058608058608058,0.008058608058608058,good,2025-08-30 11:45:09.815233
164,0.8872800919380177,88,0.0709157509157509,88,0.0709157509157509,0.0709157509157509,good,2025-08-30 12:45:09.815233
165,0.8928653729603167,89,0.07172161172161172,89,0.07172161172161172,0.07172161172161172,good,2025-08-30 13:45:09.815233
166,1.7507290149848802,175,0.14102564102564102,175,0.14102564102564102,0.14102564102564102,good,2025-08-30 14:45:09.815233
167,1.4672339990765613,146,0.11765567765567764,146,0.11765567765567764,0.11765567765567764,good,2025-08-30 15:45:09.815233
168,1.3947341926763692,139,0.112014652014652,139,0.112014652014652,0.112014652014652,good,2025-08-30 16:45:09.815233
169,2.2953274153461516,229,0.18454212454212454,229,0.18454212454212454,0.18454212454212454,good,2025-08-30 17:45:09.815233
170,2.979971552221561,297,0.23934065934065935,297,0.23934065934065935,0.23934065934065935,good,2025-08-30 18:45:09.815233
171,3.234971184185108,323,0.2602930402930403,323,0.2602930402930403,0.2602930402930403,good,2025-08-30 19:45:09.815233
172,3.426261663436773,342,0.2756043956043956,342,0.2756043956043956,0.2756043956043956,good,2025-08-30 20:45:09.815233
173,3.9814177166474067,398,0.32073260073260074,398,0.32073260073260074,0.32073260073260074,good,2025-08-30 21:45:09.815233
174,4.219448141819352,421,0.33926739926739924,421,0.33926739926739924,0.33926739926739924,good,2025-08-30 22:45:09.815233
175,4.413600429475078,441,0.3553846153846154,441,0.3553846153846154,0.3553846153846154,good,2025-08-30 23:45:09.815233
176,4.0320627283309465,403,0.32476190476190475,403,0.32476190476190475,0.32476190476190475,good,2025-08-31 00:45:09.815233
177,3.5102342399291375,351,0.28285714285714286,351,0.28285714285714286,0.28285714285714286,good,2025-08-31 01:45:09.815233
178,3.4642960769516455,346,0.27882783882783885,346,0.27882783882783885,0.27882783882783885,good,2025-08-31 02:45:09.815233
179,3.7185955076205754,371,0.2989743589743589,371,0.2989743589743589,0.2989743589743589,good,2025-08-31 03:45:09.815233
180,2.3796527564799037,237,0.190989010989011,237,0.190989010989011,0.190989010989011,good,2025-08-31 04:45:09.815233
181,2.618220393554006,261,0.21032967032967032,261,0.21032967032967032,0.21032967032967032,good,2025-08-31 05:45:09.815233
182,1.8823706544556056,188,0.1515018315018315,188,0.1515018315018315,0.1515018315018315,good,2025-08-31 06:45:09.815233
183,1.7643724114674117,176,0.1418315018315018,176,0.1418315018315018,0.1418315018315018,good,2025-08-31 07:45:09.815233
184,2.1105978360391657,211,0.17003663003663003,211,0.17003663003663003,0.17003663003663003,good,2025-08-31 08:45:09.815233
185,1.35983148639692,135,0.1087912087912088,135,0.1087912087912088,0.1087912087912088,good,2025-08-31 09:45:09.815233
186,1.1681497202179747,116,0.09347985347985348,116,0.09347985347985348,0.09347985347985348,good,2025-08-31 10:45:09.815233
187,0.44356173136877286,44,0.03545787545787545,44,0.03545787545787545,0.03545787545787545,good,2025-08-31 11:45:09.815233
188,1.5765254548581313,157,0.1265201465201465,157,0.1265201465201465,0.1265201465201465,good,2025-08-31 12:45:09.815233
189,1.7038767226647984,170,0.13699633699633698,170,0.13699633699633698,0.13699633699633698,good,2025-08-31 13:45:09.815233
190,2.728073971059457,272,0.2191941391941392,272,0.2191941391941392,0.2191941391941392,good,2025-08-31 14:45:09.815233
191,1.8291627543533289,182,0.14666666666666667,182,0.14666666666666667,0.14666666666666667,good,2025-08-31 15:45:09.815233
192,2.4793183193236366,247,0.19904761904761903,247,0.19904761904761903,0.19904761904761903,good,2025-08-31 16:45:09.815233
193,2.9065233243234045,290,0.23369963369963367,290,0.23369963369963367,0.23369963369963367,good,2025-08-31 17:45:09.815233
194,3.9815529873021855,398,0.32073260073260074,398,0.32073260073260074,0.32073260073260074,good,2025-08-31 18:45:09.815233
195,3.5285910081225103,352,0.2836630036630036,352,0.2836630036630036,0.2836630036630036,good,2025-08-31 19:45:09.815233
196,4.04689513389327,404,0.32556776556776557,404,0.32556776556776557,0.32556776556776557,good,2025-08-31 20:45:09.815233
197,4.469011764319363,446,0.3594139194139194,446,0.3594139194139194,0.3594139194139194,good,2025-08-31 21:45:09.815233
198,4.426308694516388,442,0.35619047619047617,442,0.35619047619047617,0.35619047619047617,good,2025-08-31 22:45:09.815233
199,4.177752060627155,417,0.33604395604395604,417,0.33604395604395604,0.33604395604395604,good,2025-08-31 23:45:09.815233
200,4.462495991752732,446,0.3594139194139194,446,0.3594139194139194,0.3594139194139194,good,2025-09-01 00:45:09.815233
201,4.7667277292507455,476,0.38358974358974357,476,0.38358974358974357,0.38358974358974357,good,2025-09-01 01:45:09.815233
202,3.491285852382662,349,0.28124542124542123,349,0.28124542124542123,0.28124542124542123,good,2025-09-01 02:45:09.815233
203,3.7720576428595805,377,0.3038095238095238,377,0.3038095238095238,0.3038095238095238,good,2025-09-01 03:45:09.815233
204,3.0040939864732628,300,0.24175824175824176,300,0.24175824175824176,0.24175824175824176,good,2025-09-01 04:45:09.815233
205,3.572451226644253,357,0.28769230769230764,357,0.28769230769230764,0.28769230769230764,good,2025-09-01 05:45:09.815233
206,1.8327444531876256,183,0.14747252747252745,183,0.14747252747252745,0.14747252747252745,good,2025-09-01 06:45:09.815233
207,1.9593699025893379,195,0.1571428571428571,195,0.1571428571428571,0.1571428571428571,good,2025-09-01 07:45:09.815233
208,2.1216579756456904,212,0.17084249084249084,212,0.17084249084249084,0.17084249084249084,good,2025-09-01 08:45:09.815233
209,2.480927706121692,248,0.19985347985347984,248,0.19985347985347984,0.19985347985347984,good,2025-09-01 09:45:09.815233
210,1.5175368348183014,151,0.12168498168498168,151,0.12168498168498168,0.12168498168498168,good,2025-09-01 10:45:09.815233
211,1.2224002366534008,122,0.09831501831501832,122,0.09831501831501832,0.09831501831501832,good,2025-09-01 11:45:09.815233
212,2.4909905000750903,249,0.20065934065934066,249,0.20065934065934066,0.20065934065934066,good,2025-09-01 12:45:09.815233
213,0.9741587412963996,97,0.07816849816849816,97,0.07816849816849816,0.07816849816849816,good,2025-09-01 13:45:09.815233
214,0.8336490598033808,83,0.06688644688644689,83,0.06688644688644689,0.06688644688644689,good,2025-09-01 14:45:09.815233
215,2.458838051251788,245,0.19743589743589743,245,0.19743589743589743,0.19743589743589743,good,2025-09-01 15:45:09.815233
216,2.3433107934031963,234,0.18857142857142856,234,0.18857142857142856,0.18857142857142856,good,2025-09-01 16:45:09.815233
217,2.4643115036164636,246,0.19824175824175824,246,0.19824175824175824,0.19824175824175824,good,2025-09-01 17:45:09.815233
218,3.7083326175925153,370,0.29816849816849816,370,0.29816849816849816,0.29816849816849816,good,2025-09-01 18:45:09.815233
219,3.8274731626717324,382,0.3078388278388278,382,0.3078388278388278,0.3078388278388278,good,2025-09-01 19:45:09.815233
220,3.7225041867198274,372,0.29978021978021974,372,0.29978021978021974,0.29978021978021974,good,2025-09-01 20:45:09.815233
221,3.589759654985418,358,0.28849816849816845,358,0.28849816849816845,0.28849816849816845,good,2025-09-01 21:45:09.815233
222,4.80167965944365,480,0.38681318681318677,480,0.38681318681318677,0.38681318681318677,good,2025-09-01 22:45:09.815233
223,4.726069456881749,472,0.38036630036630037,472,0.38036630036630037,0.38036630036630037,good,2025-09-01 23:45:09.815233
224,4.283416201048521,428,0.3449084249084249,428,0.3449084249084249,0.3449084249084249,good,2025-09-02 00:45:09.815233
225,5.088382007484934,508,0.40937728937728934,508,0.40937728937728934,0.40937728937728934,warning,2025-09-02 01:45:09.815233
226,3.372341987845033,337,0.2715750915750916,337,0.2715750915750916,0.2715750915750916,good,2025-09-02 02:45:09.815233
227,2.8134761888536275,281,0.22644688644688646,281,0.22644688644688646,0.22644688644688646,good,2025-09-02 03:45:09.815233
228,2.846872312479838,284,0.22886446886446887,284,0.22886446886446887,0.22886446886446887,good,2025-09-02 04:45:09.815233
229,2.75903847429029,275,0.2216117216117216,275,0.2216117216117216,0.2216117216117216,good,2025-09-02 05:45:09.815233
230,2.491412880153024,249,0.20065934065934066,249,0.20065934065934066,0.20065934065934066,good,2025-09-02 06:45:09.815233
231,1.8624338429016556,186,0.14989010989010987,186,0.14989010989010987,0.14989010989010987,good,2025-09-02 07:45:09.815233
232,1.8224743076638759,182,0.14666666666666667,182,0.14666666666666667,0.14666666666666667,good,2025-09-02 08:45:09.815233
233,0.7553649199990392,75,0.06043956043956044,75,0.06043956043956044,0.06043956043956044,good,2025-09-02 09:45:09.815233
234,1.925280973881148,192,0.15472527472527473,192,0.15472527472527473,0.15472527472527473,good,2025-09-02 10:45:09.815233
235,1.0824142126624494,108,0.08703296703296703,108,0.08703296703296703,0.08703296703296703,good,2025-09-02 11:45:09.815233
236,1.7035793619339625,170,0.13699633699633698,170,0.13699633699633698,0.13699633699633698,good,2025-09-02 12:45:09.815233
237,1.435644625575816,143,0.11523809523809524,143,0.11523809523809524,0.11523809523809524,good,2025-09-02 13:45:09.815233
238,1.6997485143124011,169,0.13619047619047617,169,0.13619047619047617,0.13619047619047617,good,2025-09-02 14:45:09.815233
239,2.0348836401160963,203,0.16358974358974357,203,0.16358974358974357,0.16358974358974357,good,2025-09-02 15:45:09.815233
240,2.3028943406279323,230,0.18534798534798536,230,0.18534798534798536,0.18534798534798536,good,2025-09-02 16:45:09.815233
241,2.755245119051316,275,0.2216117216117216,275,0.2216117216117216,0.2216117216117216,good,2025-09-02 17:45:09.815233
242,3.4526968570397374,345,0.27802197802197803,345,0.27802197802197803,0.27802197802197803,good,2025-09-02 18:45:09.815233
243,3.2136016092171302,321,0.25868131868131866,321,0.25868131868131866,0.25868131868131866,good,2025-09-02 19:45:09.815233
244,3.7454411125292464,374,0.30139194139194136,374,0.30139194139194136,0.30139194139194136,good,2025-09-02 20:45:09.815233
245,3.5489254329439457,354,0.28527472527472525,354,0.28527472527472525,0.28527472527472525,good,2025-09-02 21:45:09.815233
246,4.4277663922608586,442,0.35619047619047617,442,0.35619047619047617,0.35619047619047617,good,2025-09-02 22:45:09.815233
247,3.38432478292668,338,0.27238095238095233,338,0.27238095238095233,0.27238095238095233,good,2025-09-02 23:45:09.815233
248,4.535270563051925,453,0.365054945054945,453,0.365054945054945,0.365054945054945,good,2025-09-03 00:45:09.815233
249,3.4280013965306653,342,0.2756043956043956,342,0.2756043956043956,0.2756043956043956,good,2025-09-03 01:45:09.815233
250,2.4572370968241177,245,0.19743589743589743,245,0.19743589743589743,0.19743589743589743,good,2025-09-03 02:45:09.815233
251,2.8887823010418234,288,0.23208791208791207,288,0.23208791208791207,0.23208791208791207,good,2025-09-03 03:45:09.815233
252,2.085093933192657,208,0.1676190476190476,208,0.1676190476190476,0.1676190476190476,good,2025-09-03 04:45:09.815233
253,2.420321774494361,242,0.195018315018315,242,0.195018315018315,0.195018315018315,good,2025-09-03 05:45:09.815233
254,1.2480682484187051,124,0.09992673992673992,124,0.09992673992673992,0.09992673992673992,good,2025-09-03 06:45:09.815233
255,0.9521781898061819,95,0.07655677655677656,95,0.07655677655677656,0.07655677655677656,good,2025-09-03 07:45:09.815233
256,0.1,10,0.008058608058608058,10,0.008058608058608058,0.008058608058608058,good,2025-09-03 08:45:09.815233
257,0.3257664685226345,32,0.025787545787545788,32,0.025787545787545788,0.025787545787545788,good,2025-09-03 09:45:09.815233
258,0.1,10,0.008058608058608058,10,0.008058608058608058,0.008058608058608058,good,2025-09-03 10:45:09.815233
259,0.1,10,0.008058608058608058,10,0.008058608058608058,0.008058608058608058,good,2025-09-03 11:45:09.815233
260,0.6724995435360223,67,0.05399267399267399,67,0.05399267399267399,0.05399267399267399,good,2025-09-03 12:45:09.815233
261,0.7991067992378538,79,0.06366300366300366,79,0.06366300366300366,0.06366300366300366,good,2025-09-03 13:45:09.815233
262,0.8217895471574875,82,0.06608058608058608,82,0.06608058608058608,0.06608058608058608,good,2025-09-03 14:45:09.815233
263,0.401170904069,40,0.03223443223443223,40,0.03223443223443223,0.03223443223443223,good,2025-09-03 15:45:09.815233
264,1.1880237299554819,118,0.09509157509157509,118,0.09509157509157509,0.09509157509157509,good,2025-09-03 16:45:09.815233
265,1.5643149913371646,156,0.12571428571428572,156,0.12571428571428572,0.12571428571428572,good,2025-09-03 17:45:09.815233
266,1.3417775947844466,134,0.10798534798534798,134,0.10798534798534798,0.10798534798534798,good,2025-09-03 18:45:09.815233
267,3.0016991508835673,300,0.24175824175824176,300,0.24175824175824176,0.24175824175824176,good,2025-09-03 19:45:09.815233
268,2.9673092405523236,296,0.23853479853479853,296,0.23853479853479853,0.23853479853479853,good,2025-09-03 20:45:09.815233
269,2.625235960698201,262,0.2111355311355311,262,0.2111355311355311,0.2111355311355311,good,2025-09-03 21:45:09.815233
270,2.868511473357363,286,0.23047619047619047,286,0.23047619047619047,0.23047619047619047,good,2025-09-03 22:45:09.815233
271,2.980701602115043,298,0.24014652014652016,298,0.24014652014652016,0.24014652014652016,good,2025-09-03 23:45:09.815233
272,1.7757338939433391,177,0.14263736263736262,177,0.14263736263736262,0.14263736263736262,good,2025-09-04 00:45:09.815233
273,2.495276676645438,249,0.20065934065934066,249,0.20065934065934066,0.20065934065934066,good,2025-09-04 01:45:09.815233
274,2.0125612665943784,201,0.16197802197802197,201,0.16197802197802197,0.16197802197802197,good,2025-09-04 02:45:09.815233
275,1.5161381232227094,151,0.12168498168498168,151,0.12168498168498168,0.12168498168498168,good,2025-09-04 03:45:09.815233
276,1.4897066980653522,148,0.11926739926739927,148,0.11926739926739927,0.11926739926739927,good,2025-09-04 04:45:09.815233
277,2.1170117809567417,211,0.17003663003663003,211,0.17003663003663003,0.17003663003663003,good,2025-09-04 05:45:09.815233
278,1.1275950832130528,112,0.09025641025641025,112,0.09025641025641025,0.09025641025641025,good,2025-09-04 06:45:09.815233
279,0.1381717307926117,13,0.010476190476190476,13,0.010476190476190476,0.010476190476190476,good,2025-09-04 07:45:09.815233
280,0.3789070196699842,37,0.029816849816849816,37,0.029816849816849816,0.029816849816849816,good,2025-09-04 08:45:09.815233
281,0.5346142088319057,53,0.04271062271062271,53,0.04271062271062271,0.04271062271062271,good,2025-09-04 09:45:09.815233
282,0.12931270851817456,12,0.00967032967032967,12,0.00967032967032967,0.00967032967032967,good,2025-09-04 10:45:09.815233
283,0.1,10,0.008058608058608058,10,0.008058608058608058,0.008058608058608058,good,2025-09-04 11:45:09.815233
284,0.1,10,0.008058608058608058,10,0.008058608058608058,0.008058608058608058,good,2025-09-04 12:45:09.815233
285,0.11919980248593637,11,0.008864468864468863,11,0.008864468864468863,0.008864468864468863,good,2025-09-04 13:45:09.815233
286,0.1921991906226857,19,0.01531135531135531,19,0.01531135531135531,0.01531135531135531,good,2025-09-04 14:45:09.815233
287,0.7420238042277179,74,0.05963369963369963,74,0.05963369963369963,0.05963369963369963,good,2025-09-04 15:45:09.815233
288,0.9634315068981394,96,0.07736263736263736,96,0.07736263736263736,0.07736263736263736,good,2025-09-04 16:45:09.815233
289,1.5498484454778396,154,0.1241025641025641,154,0.1241025641025641,0.1241025641025641,good,2025-09-04 17:45:09.815233
290,1.1380444886401968,113,0.09106227106227105,113,0.09106227106227105,0.09106227106227105,good,2025-09-04 18:45:09.815233
291,2.4198662065920344,241,0.1942124542124542,241,0.1942124542124542,0.1942124542124542,good,2025-09-04 19:45:09.815233
292,2.165747764232773,216,0.17406593406593407,216,0.17406593406593407,0.17406593406593407,good,2025-09-04 20:45:09.815233
293,3.3394647448081023,333,0.2683516483516483,333,0.2683516483516483,0.2683516483516483,good,2025-09-04 21:45:09.815233
294,2.1049941256004185,210,0.1692307692307692,210,0.1692307692307692,0.1692307692307692,good,2025-09-04 22:45:09.815233
295,3.367981901582625,336,0.27076923076923076,336,0.27076923076923076,0.27076923076923076,good,2025-09-04 23:45:09.815233
296,2.548543426376528,254,0.20468864468864467,254,0.20468864468864467,0.20468864468864467,good,2025-09-05 00:45:09.815233
297,1.9761253066882578,197,0.15875457875457877,197,0.15875457875457877,0.15875457875457877,good,2025-09-05 01:45:09.815233
298,1.8250050448594148,182,0.14666666666666667,182,0.14666666666666667,0.14666666666666667,good,2025-09-05 02:45:09.815233
299,1.6009955196777146,160,0.12893772893772892,160,0.12893772893772892,0.12893772893772892,good,2025-09-05 03:45:09.815233
300,1.6177450676214629,161,0.12974358974358974,161,0.12974358974358974,0.12974358974358974,good,2025-09-05 04:45:09.815233
301,1.2864898318359255,128,0.10315018315018315,128,0.10315018315018315,0.10315018315018315,good,2025-09-05 05:45:09.815233
302,0.3589956040878685,35,0.028205128205128206,35,0.028205128205128206,0.028205128205128206,good,2025-09-05 06:45:09.815233
303,0.2822498980833816,28,0.022564102564102562,28,0.022564102564102562,0.022564102564102562,good,2025-09-05 07:45:09.815233
304,1.0665916772177448,106,0.08542124542124542,106,0.08542124542124542,0.08542124542124542,good,2025-09-05 08:45:09.815233
305,0.6338597307294989,63,0.05076923076923077,63,0.05076923076923077,0.05076923076923077,good,2025-09-05 09:45:09.815233
306,0.1,10,0.008058608058608058,10,0.008058608058608058,0.008058608058608058,good,2025-09-05 10:45:09.815233
307,0.1,10,0.008058608058608058,10,0.008058608058608058,0.008058608058608058,good,2025-09-05 11:45:09.815233
308,0.1,10,0.008058608058608058,10,0.008058608058608058,0.008058608058608058,good,2025-09-05 12:45:09.815233
309,0.14169547690410983,14,0.011282051282051281,14,0.011282051282051281,0.011282051282051281,good,2025-09-05 13:45:09.815233
310,0.1,10,0.008058608058608058,10,0.008058608058608058,0.008058608058608058,good,2025-09-05 14:45:09.815233
311,0.295072956972334,29,0.02336996336996337,29,0.02336996336996337,0.02336996336996337,good,2025-09-05 15:45:09.815233
312,0.1,10,0.008058608058608058,10,0.008058608058608058,0.008058608058608058,good,2025-09-05 16:45:09.815233
313,1.417780078834594,141,0.11362637362637362,141,0.11362637362637362,0.11362637362637362,good,2025-09-05 17:45:09.815233
314,1.9538548143596959,195,0.1571428571428571,195,0.1571428571428571,0.1571428571428571,good,2025-09-05 18:45:09.815233
315,1.7753548970204762,177,0.14263736263736262,177,0.14263736263736262,0.14263736263736262,good,2025-09-05 19:45:09.815233
316,3.140546772238292,314,0.253040293040293,314,0.253040293040293,0.253040293040293,good,2025-09-05 20:45:09.815233
317,2.0059825364045647,200,0.16117216117216115,200,0.16117216117216115,0.16117216117216115,good,2025-09-05 21:45:09.815233
318,2.0644138880505727,206,0.166007326007326,206,0.166007326007326,0.166007326007326,good,2025-09-05 22:45:09.815233
319,2.988736107421252,298,0.24014652014652016,298,0.24014652014652016,0.24014652014652016,good,2025-09-05 23:45:09.815233
320,3.37861770516618,337,0.2715750915750916,337,0.2715750915750916,0.2715750915750916,good,2025-09-06 00:45:09.815233
321,3.5776818933419685,357,0.28769230769230764,357,0.28769230769230764,0.28769230769230764,good,2025-09-06 01:45:09.815233
322,2.2991859638300176,229,0.18454212454212454,229,0.18454212454212454,0.18454212454212454,good,2025-09-06 02:45:09.815233
323,2.7893404167156604,278,0.224029304029304,278,0.224029304029304,0.224029304029304,good,2025-09-06 03:45:09.815233
324,1.901705704630367,190,0.15311355311355312,190,0.15311355311355312,0.15311355311355312,good,2025-09-06 04:45:09.815233
325,1.479802610912042,147,0.11846153846153845,147,0.11846153846153845,0.11846153846153845,good,2025-09-06 05:45:09.815233
326,1.6537093767698317,165,0.13296703296703297,165,0.13296703296703297,0.13296703296703297,good,2025-09-06 06:45:09.815233
327,1.210820414840319,121,0.0975091575091575,121,0.0975091575091575,0.0975091575091575,good,2025-09-06 07:45:09.815233
328,0.1,10,0.008058608058608058,10,0.008058608058608058,0.008058608058608058,good,2025-09-06 08:45:09.815233
329,1.1444768947753956,114,0.09186813186813186,114,0.09186813186813186,0.09186813186813186,good,2025-09-06 09:45:09.815233
330,0.982337892537605,98,0.07897435897435898,98,0.07897435897435898,0.07897435897435898,good,2025-09-06 10:45:09.815233
331,0.1,10,0.008058608058608058,10,0.008058608058608058,0.008058608058608058,good,2025-09-06 11:45:09.815233
332,0.5631014201221853,56,0.045128205128205125,56,0.045128205128205125,0.045128205128205125,good,2025-09-06 12:45:09.815233
333,0.7989347212885414,79,0.06366300366300366,79,0.06366300366300366,0.06366300366300366,good,2025-09-06 13:45:09.815233
334,0.9577122350288223,95,0.07655677655677656,95,0.07655677655677656,0.07655677655677656,good,2025-09-06 14:45:09.815233
335,0.900117329490876,90,0.07252747252747253,90,0.07252747252747253,0.07252747252747253,good,2025-09-06 15:45:09.815233
336,1.23856855410085,123,0.09912087912087912,123,0.09912087912087912,0.09912087912087912,good,2025-09-06 16:45:09.815233
337,1.9872229645042718,198,0.15956043956043955,198,0.15956043956043955,0.15956043956043955,good,2025-09-06 17:45:09.815233
338,3.0119842715597756,301,0.24256410256410255,301,0.24256410256410255,0.24256410256410255,good,2025-09-06 18:45:09.815233
339,3.09653017088364,309,0.24901098901098898,309,0.24901098901098898,0.24901098901098898,good,2025-09-06 19:45:09.815233
340,2.9873174818400683,298,0.24014652014652016,298,0.24014652014652016,0.24014652014652016,good,2025-09-06 20:45:09.815233
341,3.8339297271770065,383,0.30864468864468864,383,0.30864468864468864,0.30864468864468864,good,2025-09-06 21:45:09.815233
342,2.2105290362814705,221,0.17809523809523808,221,0.17809523809523808,0.17809523809523808,good,2025-09-06 22:45:09.815233
343,4.296903784142366,429,0.3457142857142857,429,0.3457142857142857,0.3457142857142857,good,2025-09-06 23:45:09.815233
344,2.8378508951470742,283,0.22805860805860806,283,0.22805860805860806,0.22805860805860806,good,2025-09-07 00:45:09.815233
345,3.4125728093859995,341,0.2747985347985348,341,0.2747985347985348,0.2747985347985348,good,2025-09-07 01:45:09.815233
346,2.8311042864219136,283,0.22805860805860806,283,0.22805860805860806,0.22805860805860806,good,2025-09-07 02:45:09.815233
347,2.468000286505944,246,0.19824175824175824,246,0.19824175824175824,0.19824175824175824,good,2025-09-07 03:45:09.815233
348,3.368533985662774,336,0.27076923076923076,336,0.27076923076923076,0.27076923076923076,good,2025-09-07 04:45:09.815233
349,2.200033138461633,220,0.1772893772893773,220,0.1772893772893773,0.1772893772893773,good,2025-09-07 05:45:09.815233
350,2.252292001484646,225,0.1813186813186813,225,0.1813186813186813,0.1813186813186813,good,2025-09-07 06:45:09.815233
351,1.7265397105604217,172,0.1386080586080586,172,0.1386080586080586,0.1386080586080586,good,2025-09-07 07:45:09.815233
352,1.7098923183470793,170,0.13699633699633698,170,0.13699633699633698,0.13699633699633698,good,2025-09-07 08:45:09.815233
353,1.3026928979170964,130,0.10476190476190475,130,0.10476190476190475,0.10476190476190475,good,2025-09-07 09:45:09.815233
354,0.5034353340456141,50,0.04029304029304029,50,0.04029304029304029,0.04029304029304029,good,2025-09-07 10:45:09.815233
355,1.6216232115823046,162,0.13054945054945052,162,0.13054945054945052,0.13054945054945052,good,2025-09-07 11:45:09.815233
356,0.9565203802638578,95,0.07655677655677656,95,0.07655677655677656,0.07655677655677656,good,2025-09-07 12:45:09.815233
357,0.6028436827643846,60,0.048351648351648346,60,0.048351648351648346,0.048351648351648346,good,2025-09-07 13:45:09.815233
358,1.4323890289237604,143,0.11523809523809524,143,0.11523809523809524,0.11523809523809524,good,2025-09-07 14:45:09.815233
359,2.7334317671469828,273,0.21999999999999997,273,0.21999999999999997,0.21999999999999997,good,2025-09-07 15:45:09.815233
360,2.794854026548409,279,0.2248351648351648,279,0.2248351648351648,0.2248351648351648,good,2025-09-07 16:45:09.815233
361,2.607505415264105,260,0.2095238095238095,260,0.2095238095238095,0.2095238095238095,good,2025-09-07 17:45:09.815233
362,3.018197495261211,301,0.24256410256410255,301,0.24256410256410255,0.24256410256410255,good,2025-09-07 18:45:09.815233
363,3.4154212487072924,341,0.2747985347985348,341,0.2747985347985348,0.2747985347985348,good,2025-09-07 19:45:09.815233
364,4.945758362788527,494,0.39809523809523806,494,0.39809523809523806,0.39809523809523806,good,2025-09-07 20:45:09.815233
365,4.35603123557687,435,0.3505494505494505,435,0.3505494505494505,0.3505494505494505,good,2025-09-07 21:45:09.815233
366,4.548024956533748,454,0.3658608058608058,454,0.3658608058608058,0.3658608058608058,good,2025-09-07 22:45:09.815233
367,4.91611059491834,491,0.39567765567765567,491,0.39567765567765567,0.39567765567765567,good,2025-09-07 23:45:09.815233
368,4.484845574816833,448,0.361025641025641,448,0.361025641025641,0.361025641025641,good,2025-09-08 00:45:09.815233
369,4.100390781410519,410,0.3304029304029304,410,0.3304029304029304,0.3304029304029304,good,2025-09-08 01:45:09.815233
370,3.906368577545705,390,0.3142857142857142,390,0.3142857142857142,0.3142857142857142,good,2025-09-08 02:45:09.815233
371,3.6697721760791215,366,0.2949450549450549,366,0.2949450549450549,0.2949450549450549,good,2025-09-08 03:45:09.815233
372,3.335543275687931,333,0.2683516483516483,333,0.2683516483516483,0.2683516483516483,good,2025-09-08 04:45:09.815233
373,3.3387426840003243,333,0.2683516483516483,333,0.2683516483516483,0.2683516483516483,good,2025-09-08 05:45:09.815233
374,2.6203108484831548,262,0.2111355311355311,262,0.2111355311355311,0.2111355311355311,good,2025-09-08 06:45:09.815233
375,2.605150864832906,260,0.2095238095238095,260,0.2095238095238095,0.2095238095238095,good,2025-09-08 07:45:09.815233
376,1.8926937480591408,189,0.1523076923076923,189,0.1523076923076923,0.1523076923076923,good,2025-09-08 08:45:09.815233
377,1.7374832866625687,173,0.13941391941391942,173,0.13941391941391942,0.13941391941391942,good,2025-09-08 09:45:09.815233
378,0.5513116230887449,55,0.044322344322344324,55,0.044322344322344324,0.044322344322344324,good,2025-09-08 10:45:09.815233
379,1.9581638373512407,195,0.1571428571428571,195,0.1571428571428571,0.1571428571428571,good,2025-09-08 11:45:09.815233
380,1.7236562033037912,172,0.1386080586080586,172,0.1386080586080586,0.1386080586080586,good,2025-09-08 12:45:09.815233
381,2.1971707464343515,219,0.17648351648351646,219,0.17648351648351646,0.17648351648351646,good,2025-09-08 13:45:09.815233
382,0.48492434901656045,48,0.03868131868131868,48,0.03868131868131868,0.03868131868131868,good,2025-09-08 14:45:09.815233
383,3.2830181786154835,328,0.2643223443223443,328,0.2643223443223443,0.2643223443223443,good,2025-09-08 15:45:09.815233
384,2.524543091501902,252,0.20307692307692307,252,0.20307692307692307,0.20307692307692307,good,2025-09-08 16:45:09.815233
385,3.529019320550576,352,0.2836630036630036,352,0.2836630036630036,0.2836630036630036,good,2025-09-08 17:45:09.815233
386,2.8342014303800904,283,0.22805860805860806,283,0.22805860805860806,0.22805860805860806,good,2025-09-08 18:45:09.815233
387,4.011959758317425,401,0.3231501831501831,401,0.3231501831501831,0.3231501831501831,good,2025-09-08 19:45:09.815233
388,3.4778357205013686,347,0.2796336996336996,347,0.2796336996336996,0.2796336996336996,good,2025-09-08 20:45:09.815233
389,3.918027373972951,391,0.31509157509157504,391,0.31509157509157504,0.31509157509157504,good,2025-09-08 21:45:09.815233
390,5.3224666722369705,532,0.4287179487179487,532,0.4287179487179487,0.4287179487179487,warning,2025-09-08 22:45:09.815233
391,4.305627667520746,430,0.3465201465201465,430,0.3465201465201465,0.3465201465201465,good,2025-09-08 23:45:09.815233
392,4.441720569528074,444,0.3578021978021978,444,0.3578021978021978,0.3578021978021978,good,2025-09-09 00:45:09.815233
393,4.600097374805479,460,0.3706959706959707,460,0.3706959706959707,0.3706959706959707,good,2025-09-09 01:45:09.815233
394,4.155225314994405,415,0.3344322344322344,415,0.3344322344322344,0.3344322344322344,good,2025-09-09 02:45:09.815233
395,3.651448226887807,365,0.29413919413919415,365,0.29413919413919415,0.29413919413919415,good,2025-09-09 03:45:09.815233
396,3.3753068486535756,337,0.2715750915750916,337,0.2715750915750916,0.2715750915750916,good,2025-09-09 04:45:09.815233
397,3.9835392750871677,398,0.32073260073260074,398,0.32073260073260074,0.32073260073260074,good,2025-09-09 05:45:09.815233
398,2.3409337569748887,234,0.18857142857142856,234,0.18857142857142856,0.18857142857142856,good,2025-09-09 06:45:09.815233
399,2.0836013951873062,208,0.1676190476190476,208,0.1676190476190476,0.1676190476190476,good,2025-09-09 07:45:09.815233
400,2.1717738074105366,217,0.17487179487179486,217,0.17487179487179486,0.17487179487179486,good,2025-09-09 08:45:09.815233
401,1.9338975985732492,193,0.1555311355311355,193,0.1555311355311355,0.1555311355311355,good,2025-09-09 09:45:09.815233
402,1.796913824624716,179,0.14424908424908423,179,0.14424908424908423,0.14424908424908423,good,2025-09-09 10:45:09.815233
403,1.4428549128733263,144,0.11604395604395604,144,0.11604395604395604,0.11604395604395604,good,2025-09-09 11:45:09.815233
404,0.5734289897746536,57,0.04593406593406593,57,0.04593406593406593,0.04593406593406593,good,2025-09-09 12:45:09.815233
405,2.0809977185375104,208,0.1676190476190476,208,0.1676190476190476,0.1676190476190476,good,2025-09-09 13:45:09.815233
406,0.8981992082261634,89,0.07172161172161172,89,0.07172161172161172,0.07172161172161172,good,2025-09-09 14:45:09.815233
407,1.9013177326195165,190,0.15311355311355312,190,0.15311355311355312,0.15311355311355312,good,2025-09-09 15:45:09.815233
408,1.7019021356096147,170,0.13699633699633698,170,0.13699633699633698,0.13699633699633698,good,2025-09-09 16:45:09.815233
409,2.4018145658210455,240,0.19340659340659339,240,0.19340659340659339,0.19340659340659339,good,2025-09-09 17:45:09.815233
410,2.9525017971252576,295,0.2377289377289377,295,0.2377289377289377,0.2377289377289377,good,2025-09-09 18:45:09.815233
411,3.276019632091522,327,0.2635164835164835,327,0.2635164835164835,0.2635164835164835,good,2025-09-09 19:45:09.815233
412,3.6018996108526307,360,0.29010989010989013,360,0.29010989010989013,0.29010989010989013,good,2025-09-09 20:45:09.815233
413,4.400648914616884,440,0.3545787545787546,440,0.3545787545787546,0.3545787545787546,good,2025-09-09 21:45:09.815233
414,3.9344749352931143,393,0.3167032967032967,393,0.3167032967032967,0.3167032967032967,good,2025-09-09 22:45:09.815233
415,3.600442616310992,360,0.29010989010989013,360,0.29010989010989013,0.29010989010989013,good,2025-09-09 23:45:09.815233
416,4.1168439307407,411,0.3312087912087912,411,0.3312087912087912,0.3312087912087912,good,2025-09-10 00:45:09.815233
417,4.042815616315152,404,0.32556776556776557,404,0.32556776556776557,0.32556776556776557,good,2025-09-10 01:45:09.815233
418,2.5588207403146397,255,0.20549450549450549,255,0.20549450549450549,0.20549450549450549,good,2025-09-10 02:45:09.815233
419,3.1234301285113486,312,0.25142857142857145,312,0.25142857142857145,0.25142857142857145,good,2025-09-10 03:45:09.815233
420,2.7762061330855596,277,0.2232234432234432,277,0.2232234432234432,0.2232234432234432,good,2025-09-10 04:45:09.815233
421,1.851218248319995,185,0.14908424908424908,185,0.14908424908424908,0.14908424908424908,good,2025-09-10 05:45:09.815233
422,2.2622336447257236,226,0.1821245421245421,226,0.1821245421245421,0.1821245421245421,good,2025-09-10 06:45:09.815233
423,1.1002421128973183,110,0.08864468864468865,110,0.08864468864468865,0.08864468864468865,good,2025-09-10 07:45:09.815233
424,0.8901635788526544,89,0.07172161172161172,89,0.07172161172161172,0.07172161172161172,good,2025-09-10 08:45:09.815233
425,0.4653837160052341,46,0.03706959706959707,46,0.03706959706959707,0.03706959706959707,good,2025-09-10 09:45:09.815233
426,0.3729891771942218,37,0.029816849816849816,37,0.029816849816849816,0.029816849816849816,good,2025-09-10 10:45:09.815233
427,0.1,10,0.008058608058608058,10,0.008058608058608058,0.008058608058608058,good,2025-09-10 11:45:09.815233
428,0.1,10,0.008058608058608058,10,0.008058608058608058,0.008058608058608058,good,2025-09-10 12:45:09.815233
429,1.2034592515249156,120,0.09670329670329669,120,0.09670329670329669,0.09670329670329669,good,2025-09-10 13:45:09.815233
430,0.18558009210584558,18,0.014505494505494505,18,0.014505494505494505,0.014505494505494505,good,2025-09-10 14:45:09.815233
431,0.38896280090544183,38,0.03062271062271062,38,0.03062271062271062,0.03062271062271062,good,2025-09-10 15:45:09.815233
432,0.13518435122462247,13,0.010476190476190476,13,0.010476190476190476,0.010476190476190476,good,2025-09-10 16:45:09.815233
433,1.2466353870376845,124,0.09992673992673992,124,0.09992673992673992,0.09992673992673992,good,2025-09-10 17:45:09.815233
434,1.259415042676977,125,0.10073260073260072,125,0.10073260073260072,0.10073260073260072,good,2025-09-10 18:45:09.815233
435,3.071007580068165,307,0.24739926739926738,307,0.24739926739926738,0.24739926739926738,good,2025-09-10 19:45:09.815233
436,3.0335366399357957,303,0.24417582417582417,303,0.24417582417582417,0.24417582417582417,good,2025-09-10 20:45:09.815233
437,2.3916428750241656,239,0.1926007326007326,239,0.1926007326007326,0.1926007326007326,good,2025-09-10 21:45:09.815233
438,3.9812864565322554,398,0.32073260073260074,398,0.32073260073260074,0.32073260073260074,good,2025-09-10 22:45:09.815233
439,3.3673929416370627,336,0.27076923076923076,336,0.27076923076923076,0.27076923076923076,good,2025-09-10 23:45:09.815233
440,2.63418563640117,263,0.21194139194139192,263,0.21194139194139192,0.21194139194139192,good,2025-09-11 00:45:09.815233
441,1.3691625104689464,136,0.1095970695970696,136,0.1095970695970696,0.1095970695970696,good,2025-09-11 01:45:09.815233
442,3.4990246768886575,349,0.28124542124542123,349,0.28124542124542123,0.28124542124542123,good,2025-09-11 02:45:09.815233
443,1.322161894788381,132,0.10637362637362638,132,0.10637362637362638,0.10637362637362638,good,2025-09-11 03:45:09.815233
444,0.8075574710298962,80,0.06446886446886446,80,0.06446886446886446,0.06446886446886446,good,2025-09-11 04:45:09.815233
445,1.729453733536792,172,0.1386080586080586,172,0.1386080586080586,0.1386080586080586,good,2025-09-11 05:45:09.815233
446,2.027049855749197,202,0.16278388278388278,202,0.16278388278388278,0.16278388278388278,good,2025-09-11 06:45:09.815233
447,1.1158976349392624,111,0.08945054945054945,111,0.08945054945054945,0.08945054945054945,good,2025-09-11 07:45:09.815233
448,0.37457018901809414,37,0.029816849816849816,37,0.029816849816849816,0.029816849816849816,good,2025-09-11 08:45:09.815233
449,0.13231366137155415,13,0.010476190476190476,13,0.010476190476190476,0.010476190476190476,good,2025-09-11 09:45:09.815233
450,0.1,10,0.008058608058608058,10,0.008058608058608058,0.008058608058608058,good,2025-09-11 10:45:09.815233
451,0.1,10,0.008058608058608058,10,0.008058608058608058,0.008058608058608058,good,2025-09-11 11:45:09.815233
452,0.1,10,0.008058608058608058,10,0.008058608058608058,0.008058608058608058,good,2025-09-11 12:45:09.815233
453,0.1,10,0.008058608058608058,10,0.008058608058608058,0.008058608058608058,good,2025-09-11 13:45:09.815233
454,0.1,10,0.008058608058608058,10,0.008058608058608058,0.008058608058608058,good,2025-09-11 14:45:09.815233
455,0.1,10,0.008058608058608058,10,0.008058608058608058,0.008058608058608058,good,2025-09-11 15:45:09.815233
456,0.5055080676237548,50,0.04029304029304029,50,0.04029304029304029,0.04029304029304029,good,2025-09-11 16:45:09.815233
457,0.17859368072046622,17,0.0136996336996337,17,0.0136996336996337,0.0136996336996337,good,2025-09-11 17:45:09.815233
458,1.3564922810231137,135,0.1087912087912088,135,0.1087912087912088,0.1087912087912088,good,2025-09-11 18:45:09.815233
459,1.2668736201994013,126,0.10153846153846154,126,0.10153846153846154,0.10153846153846154,good,2025-09-11 19:45:09.815233
460,1.5151533032786932,151,0.12168498168498168,151,0.12168498168498168,0.12168498168498168,good,2025-09-11 20:45:09.815233
461,2.391781384072223,239,0.1926007326007326,239,0.1926007326007326,0.1926007326007326,good,2025-09-11 21:45:09.815233
462,3.145589177817499,314,0.253040293040293,314,0.253040293040293,0.253040293040293,good,2025-09-11 22:45:09.815233
463,2.9591583030011566,295,0.2377289377289377,295,0.2377289377289377,0.2377289377289377,good,2025-09-11 23:45:09.815233
464,1.6643377328336189,166,0.13377289377289378,166,0.13377289377289378,0.13377289377289378,good,2025-09-12 00:45:09.815233
465,1.8070202402103093,180,0.14505494505494507,180,0.14505494505494507,0.14505494505494507,good,2025-09-12 01:45:09.815233
466,2.5373335558806924,253,0.20388278388278389,253,0.20388278388278389,0.20388278388278389,good,2025-09-12 02:45:09.815233
467,1.2699254770057133,126,0.10153846153846154,126,0.10153846153846154,0.10153846153846154,good,2025-09-12 03:45:09.815233
468,1.293345519422005,129,0.10395604395604395,129,0.10395604395604395,0.10395604395604395,good,2025-09-12 04:45:09.815233
469,1.3000981373304645,130,0.10476190476190475,130,0.10476190476190475,0.10476190476190475,good,2025-09-12 05:45:09.815233
470,0.16167337862535291,16,0.012893772893772894,16,0.012893772893772894,0.012893772893772894,good,2025-09-12 06:45:09.815233
471,0.34711494728684594,34,0.0273992673992674,34,0.0273992673992674,0.0273992673992674,good,2025-09-12 07:45:09.815233
472,0.1,10,0.008058608058608058,10,0.008058608058608058,0.008058608058608058,good,2025-09-12 08:45:09.815233
473,0.1,10,0.008058608058608058,10,0.008058608058608058,0.008058608058608058,good,2025-09-12 09:45:09.815233
474,0.1,10,0.008058608058608058,10,0.008058608058608058,0.008058608058608058,good,2025-09-12 10:45:09.815233
475,0.1,10,0.008058608058608058,10,0.008058608058608058,0.008058608058608058,good,2025-09-12 11:45:09.815233
476,0.1,10,0.008058608058608058,10,0.008058608058608058,0.008058608058608058,good,2025-09-12 12:45:09.815233
477,0.1,10,0.008058608058608058,10,0.008058608058608058,0.008058608058608058,good,2025-09-12 13:45:09.815233
478,0.36886060620046623,36,0.02901098901098901,36,0.02901098901098901,0.02901098901098901,good,2025-09-12 14:45:09.815233
479,0.5357182927163255,53,0.04271062271062271,53,0.04271062271062271,0.04271062271062271,good,2025-09-12 15:45:09.815233
480,1.4892438675664734,148,0.11926739926739927,148,0.11926739926739927,0.11926739926739927,good,2025-09-12 16:45:09.815233
481,1.2807807688558948,128,0.10315018315018315,128,0.10315018315018315,0.10315018315018315,good,2025-09-12 17:45:09.815233
482,1.4155540739456858,141,0.11362637362637362,141,0.11362637362637362,0.11362637362637362,good,2025-09-12 18:45:09.815233
483,2.078096879686312,207,0.1668131868131868,207,0.1668131868131868,0.1668131868131868,good,2025-09-12 19:45:09.815233
484,2.625202405111458,262,0.2111355311355311,262,0.2111355311355311,0.2111355311355311,good,2025-09-12 20:45:09.815233
485,2.6432954030685933,264,0.21274725274725276,264,0.21274725274725276,0.21274725274725276,good,2025-09-12 21:45:09.815233
486,2.816897173757419,281,0.22644688644688646,281,0.22644688644688646,0.22644688644688646,good,2025-09-12 22:45:09.815233
487,2.52551435423789,252,0.20307692307692307,252,0.20307692307692307,0.20307692307692307,good,2025-09-12 23:45:09.815233
488,2.5236180950846308,252,0.20307692307692307,252,0.20307692307692307,0.20307692307692307,good,2025-09-13 00:45:09.815233
489,2.034415411713195,203,0.16358974358974357,203,0.16358974358974357,0.16358974358974357,good,2025-09-13 01:45:09.815233
490,3.4034164668579656,340,0.27399267399267396,340,0.27399267399267396,0.27399267399267396,good,2025-09-13 02:45:09.815233
491,1.6280683823043631,162,0.13054945054945052,162,0.13054945054945052,0.13054945054945052,good,2025-09-13 03:45:09.815233
492,1.5745073404827594,157,0.1265201465201465,157,0.1265201465201465,0.1265201465201465,good,2025-09-13 04:45:09.815233
493,1.2069126280978661,120,0.09670329670329669,120,0.09670329670329669,0.09670329670329669,good,2025-09-13 05:45:09.815233
494,1.6593415964987077,165,0.13296703296703297,165,0.13296703296703297,0.13296703296703297,good,2025-09-13 06:45:09.815233
495,0.7371841364875881,73,0.05882783882783882,73,0.05882783882783882,0.05882783882783882,good,2025-09-13 07:45:09.815233
496,1.2329318026018665,123,0.09912087912087912,123,0.09912087912087912,0.09912087912087912,good,2025-09-13 08:45:09.815233
497,0.1,10,0.008058608058608058,10,0.008058608058608058,0.008058608058608058,good,2025-09-13 09:45:09.815233
498,0.43178929657577947,43,0.03465201465201465,43,0.03465201465201465,0.03465201465201465,good,2025-09-13 10:45:09.815233
499,0.1,10,0.008058608058608058,10,0.008058608058608058,0.008058608058608058,good,2025-09-13 11:45:09.815233
500,1.4377742172901729,143,0.11523809523809524,143,0.11523809523809524,0.11523809523809524,good,2025-09-13 12:45:09.815233
501,0.1,10,0.008058608058608058,10,0.008058608058608058,0.008058608058608058,good,2025-09-13 13:45:09.815233
502,0.9822857072303897,98,0.07897435897435898,98,0.07897435897435898,0.07897435897435898,good,2025-09-13 14:45:09.815233
503,1.492158346879642,149,0.12007326007326008,149,0.12007326007326008,0.12007326007326008,good,2025-09-13 15:45:09.815233
504,1.7812797867956323,178,0.14344322344322344,178,0.14344322344322344,0.14344322344322344,good,2025-09-13 16:45:09.815233
505,1.9073561705611481,190,0.15311355311355312,190,0.15311355311355312,0.15311355311355312,good,2025-09-13 17:45:09.815233
506,2.360709412063367,236,0.19018315018315018,236,0.19018315018315018,0.19018315018315018,good,2025-09-13 18:45:09.815233
507,2.8466358295759657,284,0.22886446886446887,284,0.22886446886446887,0.22886446886446887,good,2025-09-13 19:45:09.815233
508,3.099123647068882,309,0.24901098901098898,309,0.24901098901098898,0.24901098901098898,good,2025-09-13 20:45:09.815233
509,3.9300199302502916,393,0.3167032967032967,393,0.3167032967032967,0.3167032967032967,good,2025-09-13 21:45:09.815233
510,4.740061847392186,474,0.381978021978022,474,0.381978021978022,0.381978021978022,good,2025-09-13 22:45:09.815233
511,3.4437750414523984,344,0.2772161172161172,344,0.2772161172161172,0.2772161172161172,good,2025-09-13 23:45:09.815233
512,3.022806294746591,302,0.24336996336996336,302,0.24336996336996336,0.24336996336996336,good,2025-09-14 00:45:09.815233
513,3.5496522559119463,354,0.28527472527472525,354,0.28527472527472525,0.28527472527472525,good,2025-09-14 01:45:09.815233
514,4.680793902562154,468,0.3771428571428571,468,0.3771428571428571,0.3771428571428571,good,2025-09-14 02:45:09.815233
515,2.7135037403815265,271,0.21838827838827837,271,0.21838827838827837,0.21838827838827837,good,2025-09-14 03:45:09.815233
516,3.6076789946955397,360,0.29010989010989013,360,0.29010989010989013,0.29010989010989013,good,2025-09-14 04:45:09.815233
517,3.2727341461557913,327,0.2635164835164835,327,0.2635164835164835,0.2635164835164835,good,2025-09-14 05:45:09.815233
518,1.802245939765283,180,0.14505494505494507,180,0.14505494505494507,0.14505494505494507,good,2025-09-14 06:45:09.815233
519,2.0344915395926626,203,0.16358974358974357,203,0.16358974358974357,0.16358974358974357,good,2025-09-14 07:45:09.815233
520,2.285570216299795,228,0.18373626373626373,228,0.18373626373626373,0.18373626373626373,good,2025-09-14 08:45:09.815233
521,1.0747180818932212,107,0.08622710622710622,107,0.08622710622710622,0.08622710622710622,good,2025-09-14 09:45:09.815233
522,1.043141266088714,104,0.0838095238095238,104,0.0838095238095238,0.0838095238095238,good,2025-09-14 10:45:09.815233
523,0.8326493448844097,83,0.06688644688644689,83,0.06688644688644689,0.06688644688644689,good,2025-09-14 11:45:09.815233
524,0.6960203064980834,69,0.0556043956043956,69,0.0556043956043956,0.0556043956043956,good,2025-09-14 12:45:09.815233
525,1.0564958595612604,105,0.0846153846153846,105,0.0846153846153846,0.0846153846153846,good,2025-09-14 13:45:09.815233
526,1.03447647602558,103,0.083003663003663,103,0.083003663003663,0.083003663003663,good,2025-09-14 14:45:09.815233
527,2.0000936059594285,200,0.16117216117216115,200,0.16117216117216115,0.16117216117216115,good,2025-09-14 15:45:09.815233
528,1.9847565399623512,198,0.15956043956043955,198,0.15956043956043955,0.15956043956043955,good,2025-09-14 16:45:09.815233
529,2.8987244383634168,289,0.2328937728937729,289,0.2328937728937729,0.2328937728937729,good,2025-09-14 17:45:09.815233
530,2.4148785243186195,241,0.1942124542124542,241,0.1942124542124542,0.1942124542124542,good,2025-09-14 18:45:09.815233
531,3.7416788904232194,374,0.30139194139194136,374,0.30139194139194136,0.30139194139194136,good,2025-09-14 19:45:09.815233
532,4.324148851812543,432,0.34813186813186814,432,0.34813186813186814,0.34813186813186814,good,2025-09-14 20:45:09.815233
533,3.168195688175358,316,0.25465201465201465,316,0.25465201465201465,0.25465201465201465,good,2025-09-14 21:45:09.815233
534,4.520032417861995,452,0.3642490842490842,452,0.3642490842490842,0.3642490842490842,good,2025-09-14 22:45:09.815233
535,5.014803364139064,501,0.4037362637362637,501,0.4037362637362637,0.4037362637362637,warning,2025-09-14 23:45:09.815233
536,3.760630485957972,376,0.303003663003663,376,0.303003663003663,0.303003663003663,good,2025-09-15 00:45:09.815233
537,5.06619804773972,506,0.40776556776556777,506,0.40776556776556777,0.40776556776556777,warning,2025-09-15 01:45:09.815233
538,4.21405300677121,421,0.33926739926739924,421,0.33926739926739924,0.33926739926739924,good,2025-09-15 02:45:09.815233
539,3.353066877906961,335,0.26996336996336995,335,0.26996336996336995,0.26996336996336995,good,2025-09-15 03:45:09.815233
540,3.326269855114012,332,0.26754578754578756,332,0.26754578754578756,0.26754578754578756,good,2025-09-15 04:45:09.815233
541,3.2540913684426878,325,0.26190476190476186,325,0.26190476190476186,0.26190476190476186,good,2025-09-15 05:45:09.815233
542,2.6323406012857027,263,0.21194139194139192,263,0.21194139194139192,0.21194139194139192,good,2025-09-15 06:45:09.815233
543,2.5082088224483297,250,0.20146520146520144,250,0.20146520146520144,0.20146520146520144,good,2025-09-15 07:45:09.815233
544,1.472715241573743,147,0.11846153846153845,147,0.11846153846153845,0.11846153846153845,good,2025-09-15 08:45:09.815233
545,1.7828461035225582,178,0.14344322344322344,178,0.14344322344322344,0.14344322344322344,good,2025-09-15 09:45:09.815233
546,0.8435547169023122,84,0.06769230769230769,84,0.06769230769230769,0.06769230769230769,good,2025-09-15 10:45:09.815233
547,1.44438696932565,144,0.11604395604395604,144,0.11604395604395604,0.11604395604395604,good,2025-09-15 11:45:09.815233
548,1.0984581446224015,109,0.08783882783882783,109,0.08783882783882783,0.08783882783882783,good,2025-09-15 12:45:09.815233
549,1.3304007202096462,133,0.10717948717948718,133,0.10717948717948718,0.10717948717948718,good,2025-09-15 13:45:09.815233
550,2.5510986257186294,255,0.20549450549450549,255,0.20549450549450549,0.20549450549450549,good,2025-09-15 14:45:09.815233
551,2.784485886522261,278,0.224029304029304,278,0.224029304029304,0.224029304029304,good,2025-09-15 15:45:09.815233
552,2.8989069660330653,289,0.2328937728937729,289,0.2328937728937729,0.2328937728937729,good,2025-09-15 16:45:09.815233
553,2.4287715298455153,242,0.195018315018315,242,0.195018315018315,0.195018315018315,good,2025-09-15 17:45:09.815233
554,3.195950169095443,319,0.25706959706959703,319,0.25706959706959703,0.25706959706959703,good,2025-09-15 18:45:09.815233
555,4.312121655775739,431,0.3473260073260073,431,0.3473260073260073,0.3473260073260073,good,2025-09-15 19:45:09.815233
556,4.075401958908154,407,0.32798534798534795,407,0.32798534798534795,0.32798534798534795,good,2025-09-15 20:45:09.815233
557,5.389576624311705,538,0.43355311355311354,538,0.43355311355311354,0.43355311355311354,warning,2025-09-15 21:45:09.815233
558,4.562109915000765,456,0.36747252747252745,456,0.36747252747252745,0.36747252747252745,good,2025-09-15 22:45:09.815233
559,4.496993426147435,449,0.3618315018315018,449,0.3618315018315018,0.3618315018315018,good,2025-09-15 23:45:09.815233
560,4.178445900836965,417,0.33604395604395604,417,0.33604395604395604,0.33604395604395604,good,2025-09-16 00:45:09.815233
561,4.2318339618522405,423,0.34087912087912087,423,0.34087912087912087,0.34087912087912087,good,2025-09-16 01:45:09.815233
562,3.831149452817825,383,0.30864468864468864,383,0.30864468864468864,0.30864468864468864,good,2025-09-16 02:45:09.815233
563,3.9302931126603062,393,0.3167032967032967,393,0.3167032967032967,0.3167032967032967,good,2025-09-16 03:45:09.815233
564,3.6711775058177474,367,0.2957509157509157,367,0.2957509157509157,0.2957509157509157,good,2025-09-16 04:45:09.815233
565,2.3888367522140905,238,0.19179487179487179,238,0.19179487179487179,0.19179487179487179,good,2025-09-16 05:45:09.815233
566,1.7041266787128053,170,0.13699633699633698,170,0.13699633699633698,0.13699633699633698,good,2025-09-16 06:45:09.815233
567,1.0649491852781847,106,0.08542124542124542,106,0.08542124542124542,0.08542124542124542,good,2025-09-16 07:45:09.815233
568,1.900442272862997,190,0.15311355311355312,190,0.15311355311355312,0.15311355311355312,good,2025-09-16 08:45:09.815233
569,0.8294513290073156,82,0.06608058608058608,82,0.06608058608058608,0.06608058608058608,good,2025-09-16 09:45:09.815233
570,0.12695337536828255,12,0.00967032967032967,12,0.00967032967032967,0.00967032967032967,good,2025-09-16 10:45:09.815233
571,1.317779104124215,131,0.10556776556776555,131,0.10556776556776555,0.10556776556776555,good,2025-09-16 11:45:09.815233
572,2.391431204856289,239,0.1926007326007326,239,0.1926007326007326,0.1926007326007326,good,2025-09-16 12:45:09.815233
573,1.2612464966170085,126,0.10153846153846154,126,0.10153846153846154,0.10153846153846154,good,2025-09-16 13:45:09.815233
574,1.8906172919613358,189,0.1523076923076923,189,0.1523076923076923,0.1523076923076923,good,2025-09-16 14:45:09.815233
575,1.7909146792737898,179,0.14424908424908423,179,0.14424908424908423,0.14424908424908423,good,2025-09-16 15:45:09.815233
576,2.0295952340236894,202,0.16278388278388278,202,0.16278388278388278,0.16278388278388278,good,2025-09-16 16:45:09.815233
577,2.8934219806114343,289,0.2328937728937729,289,0.2328937728937729,0.2328937728937729,good,2025-09-16 17:45:09.815233
578,2.6429833198792014,264,0.21274725274725276,264,0.21274725274725276,0.21274725274725276,good,2025-09-16 18:45:09.815233
579,3.2490371814023256,324,0.26109890109890105,324,0.26109890109890105,0.26109890109890105,good,2025-09-16 19:45:09.815233
580,3.551788136832984,355,0.28608058608058606,355,0.28608058608058606,0.28608058608058606,good,2025-09-16 20:45:09.815233
581,3.2597480532660397,325,0.26190476190476186,325,0.26190476190476186,0.26190476190476186,good,2025-09-16 21:45:09.815233
582,4.203728959304387,420,0.3384615384615384,420,0.3384615384615384,0.3384615384615384,good,2025-09-16 22:45:09.815233
583,3.6350410556086126,363,0.2925274725274725,363,0.2925274725274725,0.2925274725274725,good,2025-09-16 23:45:09.815233
584,3.256927766850095,325,0.26190476190476186,325,0.26190476190476186,0.26190476190476186,good,2025-09-17 00:45:09.815233
585,3.7163352936380543,371,0.2989743589743589,371,0.2989743589743589,0.2989743589743589,good,2025-09-17 01:45:09.815233
586,2.7233906569876254,272,0.2191941391941392,272,0.2191941391941392,0.2191941391941392,good,2025-09-17 02:45:09.815233
587,2.8388206722709994,283,0.22805860805860806,283,0.22805860805860806,0.22805860805860806,good,2025-09-17 03:45:09.815233
588,2.421060263608001,242,0.195018315018315,242,0.195018315018315,0.195018315018315,good,2025-09-17 04:45:09.815233
589,2.5429477829157725,254,0.20468864468864467,254,0.20468864468864467,0.20468864468864467,good,2025-09-17 05:45:09.815233
590,1.8117293545098823,181,0.14586080586080585,181,0.14586080586080585,0.14586080586080585,good,2025-09-17 06:45:09.815233
591,1.1627564270410047,116,0.09347985347985348,116,0.09347985347985348,0.09347985347985348,good,2025-09-17 07:45:09.815233
592,1.2362585017170367,123,0.09912087912087912,123,0.09912087912087912,0.09912087912087912,good,2025-09-17 08:45:09.815233
593,1.247023402655831,124,0.09992673992673992,124,0.09992673992673992,0.09992673992673992,good,2025-09-17 09:45:09.815233
594,0.6441048065794173,64,0.051575091575091575,64,0.051575091575091575,0.051575091575091575,good,2025-09-17 10:45:09.815233
595,0.28265537596537504,28,0.022564102564102562,28,0.022564102564102562,0.022564102564102562,good,2025-09-17 11:45:09.815233
596,0.1,10,0.008058608058608058,10,0.008058608058608058,0.008058608058608058,good,2025-09-17 12:45:09.815233
597,0.1,10,0.008058608058608058,10,0.008058608058608058,0.008058608058608058,good,2025-09-17 13:45:09.815233
598,0.4564484140876548,45,0.03626373626373627,45,0.03626373626373627,0.03626373626373627,good,2025-09-17 14:45:09.815233
599,0.5799028745539427,57,0.04593406593406593,57,0.04593406593406593,0.04593406593406593,good,2025-09-17 15:45:09.815233
600,1.1183937565337445,111,0.08945054945054945,111,0.08945054945054945,0.08945054945054945,good,2025-09-17 16:45:09.815233
601,1.5944412233309975,159,0.12813186813186814,159,0.12813186813186814,0.12813186813186814,good,2025-09-17 17:45:09.815233
602,2.1858063165590993,218,0.17567765567765567,218,0.17567765567765567,0.17567765567765567,good,2025-09-17 18:45:09.815233
603,2.2147506109704422,221,0.17809523809523808,221,0.17809523809523808,0.17809523809523808,good,2025-09-17 19:45:09.815233
604,2.7718789171775855,277,0.2232234432234432,277,0.2232234432234432,0.2232234432234432,good,2025-09-17 20:45:09.815233
605,2.767955255018082,276,0.2224175824175824,276,0.2224175824175824,0.2224175824175824,good,2025-09-17 21:45:09.815233
606,1.8673352706831592,186,0.14989010989010987,186,0.14989010989010987,0.14989010989010987,good,2025-09-17 22:45:09.815233
607,2.4068425012318913,240,0.19340659340659339,240,0.19340659340659339,0.19340659340659339,good,2025-09-17 23:45:09.815233
608,2.7245575502946715,272,0.2191941391941392,272,0.2191941391941392,0.2191941391941392,good,2025-09-18 00:45:09.815233
609,2.0140179964851987,201,0.16197802197802197,201,0.16197802197802197,0.16197802197802197,good,2025-09-18 01:45:09.815233
610,2.6535177555913836,265,0.21355311355311357,265,0.21355311355311357,0.21355311355311357,good,2025-09-18 02:45:09.815233
611,2.7823235443420207,278,0.224029304029304,278,0.224029304029304,0.224029304029304,good,2025-09-18 03:45:09.815233
612,2.2396377703570134,223,0.1797069597069597,223,0.1797069597069597,0.1797069597069597,good,2025-09-18 04:45:09.815233
613,1.1114470820668814,111,0.08945054945054945,111,0.08945054945054945,0.08945054945054945,good,2025-09-18 05:45:09.815233
614,1.5525367210045289,155,0.1249084249084249,155,0.1249084249084249,0.1249084249084249,good,2025-09-18 06:45:09.815233
615,0.49809495428505224,49,0.03948717948717949,49,0.03948717948717949,0.03948717948717949,good,2025-09-18 07:45:09.815233
616,0.1,10,0.008058608058608058,10,0.008058608058608058,0.008058608058608058,good,2025-09-18 08:45:09.815233
617,0.1,10,0.008058608058608058,10,0.008058608058608058,0.008058608058608058,good,2025-09-18 09:45:09.815233
618,0.1,10,0.008058608058608058,10,0.008058608058608058,0.008058608058608058,good,2025-09-18 10:45:09.815233
619,0.1,10,0.008058608058608058,10,0.008058608058608058,0.008058608058608058,good,2025-09-18 11:45:09.815233
620,0.1,10,0.008058608058608058,10,0.008058608058608058,0.008058608058608058,good,2025-09-18 12:45:09.815233
621,0.1,10,0.008058608058608058,10,0.008058608058608058,0.008058608058608058,good,2025-09-18 13:45:09.815233
622,0.1,10,0.008058608058608058,10,0.008058608058608058,0.008058608058608058,good,2025-09-18 14:45:09.815233
623,0.5128962790870221,51,0.0410989010989011,51,0.0410989010989011,0.0410989010989011,good,2025-09-18 15:45:09.815233
624,1.2411687434503205,124,0.09992673992673992,124,0.09992673992673992,0.09992673992673992,good,2025-09-18 16:45:09.815233
625,1.4998491555388078,149,0.12007326007326008,149,0.12007326007326008,0.12007326007326008,good,2025-09-18 17:45:09.815233
626,0.6632131101955241,66,0.05318681318681319,66,0.05318681318681319,0.05318681318681319,good,2025-09-18 18:45:09.815233
627,0.48420860632388973,48,0.03868131868131868,48,0.03868131868131868,0.03868131868131868,good,2025-09-18 19:45:09.815233
628,2.5341079175062213,253,0.20388278388278389,253,0.20388278388278389,0.20388278388278389,good,2025-09-18 20:45:09.815233
629,1.6183949592877562,161,0.12974358974358974,161,0.12974358974358974,0.12974358974358974,good,2025-09-18 21:45:09.815233
630,2.3372053336988596,233,0.18776556776556774,233,0.18776556776556774,0.18776556776556774,good,2025-09-18 22:45:09.815233
631,1.9149434869703201,191,0.1539194139194139,191,0.1539194139194139,0.1539194139194139,good,2025-09-18 23:45:09.815233
632,1.5485978158552007,154,0.1241025641025641,154,0.1241025641025641,0.1241025641025641,good,2025-09-19 00:45:09.815233
633,2.5725656725978787,257,0.2071062271062271,257,0.2071062271062271,0.2071062271062271,good,2025-09-19 01:45:09.815233
634,2.446525542037902,244,0.19663003663003664,244,0.19663003663003664,0.19663003663003664,good,2025-09-19 02:45:09.815233
635,1.4729139734115009,147,0.11846153846153845,147,0.11846153846153845,0.11846153846153845,good,2025-09-19 03:45:09.815233
636,0.11014094834805466,11,0.008864468864468863,11,0.008864468864468863,0.008864468864468863,good,2025-09-19 04:45:09.815233
637,0.7519498636919391,75,0.06043956043956044,75,0.06043956043956044,0.06043956043956044,good,2025-09-19 05:45:09.815233
638,0.8417476087584563,84,0.06769230769230769,84,0.06769230769230769,0.06769230769230769,good,2025-09-19 06:45:09.815233
639,0.1,10,0.008058608058608058,10,0.008058608058608058,0.008058608058608058,good,2025-09-19 07:45:09.815233
640,0.1,10,0.008058608058608058,10,0.008058608058608058,0.008058608058608058,good,2025-09-19 08:45:09.815233
641,0.1,10,0.008058608058608058,10,0.008058608058608058,0.008058608058608058,good,2025-09-19 09:45:09.815233
642,0.1,10,0.008058608058608058,10,0.008058608058608058,0.008058608058608058,good,2025-09-19 10:45:09.815233
643,0.1,10,0.008058608058608058,10,0.008058608058608058,0.008058608058608058,good,2025-09-19 11:45:09.815233
644,0.1,10,0.008058608058608058,10,0.008058608058608058,0.008058608058608058,good,2025-09-19 12:45:09.815233
645,0.4332222413711345,43,0.03465201465201465,43,0.03465201465201465,0.03465201465201465,good,2025-09-19 13:45:09.815233
646,0.1,10,0.008058608058608058,10,0.008058608058608058,0.008058608058608058,good,2025-09-19 14:45:09.815233
647,0.41010895592903596,41,0.03304029304029304,41,0.03304029304029304,0.03304029304029304,good,2025-09-19 15:45:09.815233
648,0.34053967304296107,34,0.0273992673992674,34,0.0273992673992674,0.0273992673992674,good,2025-09-19 16:45:09.815233
649,0.9965273919361939,99,0.07978021978021978,99,0.07978021978021978,0.07978021978021978,good,2025-09-19 17:45:09.815233
650,1.1878554874948695,118,0.09509157509157509,118,0.09509157509157509,0.09509157509157509,good,2025-09-19 18:45:09.815233
651,1.9304750982084289,193,0.1555311355311355,193,0.1555311355311355,0.1555311355311355,good,2025-09-19 19:45:09.815233
652,3.209407630664427,320,0.25787545787545785,320,0.25787545787545785,0.25787545787545785,good,2025-09-19 20:45:09.815233
653,1.9329147964400526,193,0.1555311355311355,193,0.1555311355311355,0.1555311355311355,good,2025-09-19 21:45:09.815233
654,1.9898206292171117,198,0.15956043956043955,198,0.15956043956043955,0.15956043956043955,good,2025-09-19 22:45:09.815233
655,3.6120953618880716,361,0.2909157509157509,361,0.2909157509157509,0.2909157509157509,good,2025-09-19 23:45:09.815233
656,2.750406715284169,275,0.2216117216117216,275,0.2216117216117216,0.2216117216117216,good,2025-09-20 00:45:09.815233
657,2.401181678283098,240,0.19340659340659339,240,0.19340659340659339,0.19340659340659339,good,2025-09-20 01:45:09.815233
658,3.0485804389625155,304,0.24498168498168496,304,0.24498168498168496,0.24498168498168496,good,2025-09-20 02:45:09.815233
659,1.9471922301315843,194,0.15633699633699633,194,0.15633699633699633,0.15633699633699633,good,2025-09-20 03:45:09.815233
660,2.833964796154193,283,0.22805860805860806,283,0.22805860805860806,0.22805860805860806,good,2025-09-20 04:45:09.815233
661,1.9050791965521094,190,0.15311355311355312,190,0.15311355311355312,0.15311355311355312,good,2025-09-20 05:45:09.815233
662,0.9679237039536073,96,0.07736263736263736,96,0.07736263736263736,0.07736263736263736,good,2025-09-20 06:45:09.815233
663,1.9633130822663647,196,0.15794871794871795,196,0.15794871794871795,0.15794871794871795,good,2025-09-20 07:45:09.815233
664,0.3062033047633697,30,0.024175824175824173,30,0.024175824175824173,0.024175824175824173,good,2025-09-20 08:45:09.815233
665,0.7772544059170853,77,0.06205128205128205,77,0.06205128205128205,0.06205128205128205,good,2025-09-20 09:45:09.815233
666,0.4419385056671278,44,0.03545787545787545,44,0.03545787545787545,0.03545787545787545,good,2025-09-20 10:45:09.815233
667,0.9283497107430819,92,0.07413919413919413,92,0.07413919413919413,0.07413919413919413,good,2025-09-20 11:45:09.815233
668,1.1459552517668983,114,0.09186813186813186,114,0.09186813186813186,0.09186813186813186,good,2025-09-20 12:45:09.815233
669,0.5679217026800628,56,0.045128205128205125,56,0.045128205128205125,0.045128205128205125,good,2025-09-20 13:45:09.815233
670,0.4506664169437747,45,0.03626373626373627,45,0.03626373626373627,0.03626373626373627,good,2025-09-20 14:45:09.815233
671,1.4052559778831026,140,0.11282051282051282,140,0.11282051282051282,0.11282051282051282,good,2025-09-20 15:45:09.815233
672,1.2355225531938134,123,0.09912087912087912,123,0.09912087912087912,0.09912087912087912,good,2025-09-20 16:45:09.815233
673,3.0066936237633004,300,0.24175824175824176,300,0.24175824175824176,0.24175824175824176,good,2025-09-20 17:45:09.815233
674,2.493887427471477,249,0.20065934065934066,249,0.20065934065934066,0.20065934065934066,good,2025-09-20 18:45:09.815233
675,2.642069317930345,264,0.21274725274725276,264,0.21274725274725276,0.21274725274725276,good,2025-09-20 19:45:09.815233
676,3.2649648008156054,326,0.2627106227106227,326,0.2627106227106227,0.2627106227106227,good,2025-09-20 20:45:09.815233
677,2.7745172270879848,277,0.2232234432234432,277,0.2232234432234432,0.2232234432234432,good,2025-09-20 21:45:09.815233
678,3.148993327341181,314,0.253040293040293,314,0.253040293040293,0.253040293040293,good,2025-09-20 22:45:09.815233
679,4.322727887928524,432,0.34813186813186814,432,0.34813186813186814,0.34813186813186814,good,2025-09-20 23:45:09.815233
680,3.3792606450504272,337,0.2715750915750916,337,0.2715750915750916,0.2715750915750916,good,2025-09-21 00:45:09.815233
681,3.070337788746589,307,0.24739926739926738,307,0.24739926739926738,0.24739926739926738,good,2025-09-21 01:45:09.815233
682,3.6592656099986436,365,0.29413919413919415,365,0.29413919413919415,0.29413919413919415,good,2025-09-21 02:45:09.815233
683,3.708193101697935,370,0.29816849816849816,370,0.29816849816849816,0.29816849816849816,good,2025-09-21 03:45:09.815233
684,3.147597247306052,314,0.253040293040293,314,0.253040293040293,0.253040293040293,good,2025-09-21 04:45:09.815233
685,2.931907582020492,293,0.2361172161172161,293,0.2361172161172161,0.2361172161172161,good,2025-09-21 05:45:09.815233
686,1.7006425163345624,170,0.13699633699633698,170,0.13699633699633698,0.13699633699633698,good,2025-09-21 06:45:09.815233
687,1.0390946666290803,103,0.083003663003663,103,0.083003663003663,0.083003663003663,good,2025-09-21 07:45:09.815233
688,2.2220387307132485,222,0.1789010989010989,222,0.1789010989010989,0.1789010989010989,good,2025-09-21 08:45:09.815233
689,1.1029420329659032,110,0.08864468864468865,110,0.08864468864468865,0.08864468864468865,good,2025-09-21 09:45:09.815233
690,1.019514937912386,101,0.08139194139194139,101,0.08139194139194139,0.08139194139194139,good,2025-09-21 10:45:09.815233
691,1.7875868727832631,178,0.14344322344322344,178,0.14344322344322344,0.14344322344322344,good,2025-09-21 11:45:09.815233
692,1.4815136765448438,148,0.11926739926739927,148,0.11926739926739927,0.11926739926739927,good,2025-09-21 12:45:09.815233
693,1.6090785181350584,160,0.12893772893772892,160,0.12893772893772892,0.12893772893772892,good,2025-09-21 13:45:09.815233
694,2.7289477818572383,272,0.2191941391941392,272,0.2191941391941392,0.2191941391941392,good,2025-09-21 14:45:09.815233
695,1.661292756639769,166,0.13377289377289378,166,0.13377289377289378,0.13377289377289378,good,2025-09-21 15:45:09.815233
696,2.8336632195322773,283,0.22805860805860806,283,0.22805860805860806,0.22805860805860806,good,2025-09-21 16:45:09.815233
697,2.8103380449165285,281,0.22644688644688646,281,0.22644688644688646,0.22644688644688646,good,2025-09-21 17:45:09.815233
698,3.3271224868520917,332,0.26754578754578756,332,0.26754578754578756,0.26754578754578756,good,2025-09-21 18:45:09.815233
699,4.340472987522245,434,0.3497435897435897,434,0.3497435897435897,0.3497435897435897,good,2025-09-21 19:45:09.815233
700,4.1613022491529135,416,0.3352380952380952,416,0.3352380952380952,0.3352380952380952,good,2025-09-21 20:45:09.815233
701,4.434211548985895,443,0.356996336996337,443,0.356996336996337,0.356996336996337,good,2025-09-21 21:45:09.815233
702,4.86925780159312,486,0.3916483516483516,486,0.3916483516483516,0.3916483516483516,good,2025-09-21 22:45:09.815233
703,4.218492503130976,421,0.33926739926739924,421,0.33926739926739924,0.33926739926739924,good,2025-09-21 23:45:09.815233
704,3.945846161634084,394,0.31750915750915754,394,0.31750915750915754,0.31750915750915754,good,2025-09-22 00:45:09.815233
705,3.7075072573103562,370,0.29816849816849816,370,0.29816849816849816,0.29816849816849816,good,2025-09-22 01:45:09.815233
706,3.021365207400197,302,0.24336996336996336,302,0.24336996336996336,0.24336996336996336,good,2025-09-22 02:45:09.815233
707,4.733676370756301,473,0.3811721611721612,473,0.3811721611721612,0.3811721611721612,good,2025-09-22 03:45:09.815233
708,2.8025502110820346,280,0.22564102564102564,280,0.22564102564102564,0.22564102564102564,good,2025-09-22 04:45:09.815233
709,2.8643011003889116,286,0.23047619047619047,286,0.23047619047619047,0.23047619047619047,good,2025-09-22 05:45:09.815233
710,2.4559312556350497,245,0.19743589743589743,245,0.19743589743589743,0.19743589743589743,good,2025-09-22 06:45:09.815233
711,2.392534175129707,239,0.1926007326007326,239,0.1926007326007326,0.1926007326007326,good,2025-09-22 07:45:09.815233
712,2.340920644383084,234,0.18857142857142856,234,0.18857142857142856,0.18857142857142856,good,2025-09-22 08:45:09.815233
713,2.1284024356843987,212,0.17084249084249084,212,0.17084249084249084,0.17084249084249084,good,2025-09-22 09:45:09.815233
714,1.2588732460703256,125,0.10073260073260072,125,0.10073260073260072,0.10073260073260072,good,2025-09-22 10:45:09.815233
715,1.4164391431067942,141,0.11362637362637362,141,0.11362637362637362,0.11362637362637362,good,2025-09-22 11:45:09.815233
716,1.691701940598954,169,0.13619047619047617,169,0.13619047619047617,0.13619047619047617,good,2025-09-22 12:45:09.815233
717,1.5738201284127493,157,0.1265201465201465,157,0.1265201465201465,0.1265201465201465,good,2025-09-22 13:45:09.815233
718,2.736724826123398,273,0.21999999999999997,273,0.21999999999999997,0.21999999999999997,good,2025-09-22 14:45:09.815233
719,2.4843183020442416,248,0.19985347985347984,248,0.19985347985347984,0.19985347985347984,good,2025-09-22 15:45:09.815233
720,2.961776798604413,296,0.23853479853479853,296,0.23853479853479853,0.23853479853479853,good,2025-09-22 16:45:09.815233
