id,tds_value,analog_value,voltage,reading_time
1,409.93428306022463,819,0.66,2025-08-23 17:45:09.815233
2,411.2974020599921,822,0.6624175824175824,2025-08-23 18:45:09.815233
3,440.1956735696066,880,0.7091575091575092,2025-08-23 19:45:09.815233
4,469.1748704705871,938,0.7558974358974359,2025-08-23 20:45:09.815233
5,443.08947068004045,886,0.713992673992674,2025-08-23 21:45:09.815233
6,449.1909003903572,898,0.7236630036630036,2025-08-23 22:45:09.815233
7,488.2598843288373,976,0.7865201465201466,2025-08-23 23:45:09.815233
8,471.4095572505872,942,0.759120879120879,2025-08-24 00:45:09.815233
9,442.75443770285,885,0.7131868131868132,2025-08-24 01:45:09.815233
10,456.1149117897017,912,0.7349450549450549,2025-08-24 02:45:09.815233
11,426.6918768747426,853,0.6873992673992674,2025-08-24 03:45:09.815233
12,415.6231179133131,831,0.6696703296703297,2025-08-24 04:45:09.815233
13,417.85575760484744,835,0.6728937728937728,2025-08-24 05:45:09.815233
14,362.81150169990985,725,0.5842490842490843,2025-08-24 06:45:09.815233
15,355.50164334973937,711,0.5729670329670329,2025-08-24 07:45:09.815233
16,369.35987265131325,738,0.5947252747252747,2025-08-24 08:45:09.815233
17,353.3417091459983,706,0.5689377289377289,2025-08-24 09:45:09.815233
18,375.8032609046571,751,0.6052014652014651,2025-08-24 10:45:09.815233
19,350.54421254533776,701,0.5649084249084249,2025-08-24 11:45:09.815233
20,343.02625699718436,686,0.5528205128205127,2025-08-24 12:45:09.815233
21,406.4168873223367,812,0.6543589743589743,2025-08-24 13:45:09.815233
22,381.34233836653834,762,0.614065934065934,2025-08-24 14:45:09.815233
23,398.34212024865326,796,0.6414652014652015,2025-08-24 15:45:09.815233
24,381.30323571496837,762,0.614065934065934,2025-08-24 16:45:09.815233
25,412.5672899835372,825,0.6648351648351648,2025-08-24 17:45:09.815233
26,439.2973374423234,878,0.7075457875457875,2025-08-24 18:45:09.815233
27,426.7672916810338,853,0.6873992673992674,2025-08-24 19:45:09.815233
28,468.27102540308937,936,0.7542857142857142,2025-08-24 20:45:09.815233
29,457.26925850437897,914,0.7365567765567765,2025-08-24 21:45:09.815233
30,468.9858781237262,937,0.755091575091575,2025-08-24 22:45:09.815233
31,464.99493379248463,929,0.7486446886446886,2025-08-24 23:45:09.815233
32,512.8387226807314,1025,0.826007326007326,2025-08-25 00:45:09.815233
33,470.95753815378936,941,0.7583150183150182,2025-08-25 01:45:09.815233
34,442.5176203894604,885,0.7131868131868132,2025-08-25 02:45:09.815233
35,470.118082415648,940,0.7575091575091575,2025-08-25 03:45:09.815233
36,417.50185404437764,835,0.6728937728937728,2025-08-25 04:45:09.815233
37,433.4251092655498,866,0.6978754578754578,2025-08-25 05:45:09.815233
38,377.3426394642771,754,0.6076190476190476,2025-08-25 06:45:09.815233
39,378.10120380878527,756,0.6092307692307692,2025-08-25 07:45:09.815233
40,398.3932519548525,796,0.6414652014652015,2025-08-25 08:45:09.815233
41,401.38417532612164,802,0.6463003663003662,2025-08-25 09:45:09.815233
42,385.110095452998,770,0.6205128205128204,2025-08-25 10:45:09.815233
43,377.6870343522352,755,0.6084249084249085,2025-08-25 11:45:09.815233
44,375.6606559174128,751,0.6052014652014651,2025-08-25 12:45:09.815233
45,357.0444039188649,714,0.5753846153846153,2025-08-25 13:45:09.815233
46,380.0591430695757,760,0.6124542124542125,2025-08-25 14:45:09.815233
47,395.45214936755804,790,0.6366300366300366,2025-08-25 15:45:09.815233
48,437.67848646625094,875,0.7051282051282051,2025-08-25 16:45:09.815233
49,436.12020315682395,872,0.7027106227106227,2025-08-25 17:45:09.815233
50,406.65792393654334,813,0.6551648351648351,2025-08-25 18:45:09.815233
51,460.14886356148014,920,0.7413919413919414,2025-08-25 19:45:09.815233
52,455.97019336025204,911,0.734139194139194,2025-08-25 20:45:09.815233
53,457.6890426424289,915,0.7373626373626374,2025-08-25 21:45:09.815233
54,488.02668476737006,976,0.7865201465201466,2025-08-25 22:45:09.815233
55,497.64905648699164,995,0.8018315018315018,2025-08-25 23:45:09.815233
56,493.4453555019157,986,0.7945787545787546,2025-08-26 00:45:09.815233
57,452.49768183830236,904,0.7284981684981684,2025-08-26 01:45:09.815233
58,454.57281751915167,909,0.7325274725274724,2025-08-26 02:45:09.815233
59,456.41243185755116,912,0.7349450549450549,2025-08-26 03:45:09.815233
60,456.58978819057324,913,0.7357509157509158,2025-08-26 04:45:09.815233
61,413.87145971713517,827,0.6664468864468864,2025-08-26 05:45:09.815233
62,406.0850199059613,812,0.6543589743589743,2025-08-26 06:45:09.815233
63,374.8648566747743,749,0.6035897435897435,2025-08-26 07:45:09.815233
64,361.93373189465564,723,0.5826373626373627,2025-08-26 08:45:09.815233
65,393.35442839178967,786,0.6334065934065934,2025-08-26 09:45:09.815233
66,398.3971315953067,796,0.6414652014652015,2025-08-26 10:45:09.815233
67,367.2644916241553,734,0.5915018315018314,2025-08-26 11:45:09.815233
68,389.5889722105921,779,0.6277655677655677,2025-08-26 12:45:09.815233
69,380.83105205363944,761,0.6132600732600733,2025-08-26 13:45:09.815233
70,367.70322814403016,735,0.5923076923076923,2025-08-26 14:45:09.815233
71,397.2279121101683,794,0.6398534798534798,2025-08-26 15:45:09.815233
72,431.83783792238523,863,0.6954578754578754,2025-08-26 16:45:09.815233
73,412.29999139132764,824,0.664029304029304,2025-08-26 17:45:09.815233
74,456.2305861009983,912,0.7349450549450549,2025-08-26 18:45:09.815233
75,383.5653286491969,767,0.618095238095238,2025-08-26 19:45:09.815233
76,461.70176100548684,923,0.7438095238095238,2025-08-26 20:45:09.815233
77,453.8848667863125,907,0.7309157509157509,2025-08-26 21:45:09.815233
78,450.08071565821166,900,0.7252747252747253,2025-08-26 22:45:09.815233
79,458.5108435493995,917,0.7389743589743589,2025-08-26 23:45:09.815233
80,414.12226123732296,828,0.6672527472527472,2025-08-27 00:45:09.815233
81,443.3791004177569,886,0.713992673992674,2025-08-27 01:45:09.815233
82,445.8565247726616,891,0.718021978021978,2025-08-27 02:45:09.815233
83,456.7997837024232,913,0.7357509157509158,2025-08-27 03:45:09.815233
84,403.6972837179428,807,0.6503296703296703,2025-08-27 04:45:09.815233
85,383.8301279421363,767,0.618095238095238,2025-08-27 05:45:09.815233
86,375.9021710448934,751,0.6052014652014651,2025-08-27 06:45:09.815233
87,391.0661395464488,782,0.6301831501831501,2025-08-27 07:45:09.815233
88,367.8607488507672,735,0.5923076923076923,2025-08-27 08:45:09.815233
89,341.63225775015206,683,0.5504029304029303,2025-08-27 09:45:09.815233
90,356.3917091329263,712,0.5737728937728938,2025-08-27 10:45:09.815233
91,345.26592296827135,690,0.5560439560439561,2025-08-27 11:45:09.815233
92,363.31203714312875,726,0.585054945054945,2025-08-27 12:45:09.815233
93,333.8150127009038,667,0.5375091575091575,2025-08-27 13:45:09.815233
94,348.1830461500622,696,0.5608791208791208,2025-08-27 14:45:09.815233
95,356.197606206365,712,0.5737728937728938,2025-08-27 15:45:09.815233
96,345.79198805263945,691,0.5568498168498168,2025-08-27 16:45:09.815233
97,392.90589336776475,785,0.6326007326007326,2025-08-27 17:45:09.815233
98,404.1439988505318,808,0.6511355311355311,2025-08-27 18:45:09.815233
99,410.1022691328492,820,0.6608058608058608,2025-08-27 19:45:09.815233
100,414.70263409636436,829,0.6680586080586081,2025-08-27 20:45:09.815233
101,398.094253606305,796,0.6414652014652015,2025-08-27 21:45:09.815233
102,422.0687792919412,844,0.6801465201465201,2025-08-27 22:45:09.815233
103,424.44101561370263,848,0.6833699633699634,2025-08-27 23:45:09.815233
104,412.6821235916774,825,0.6648351648351648,2025-08-28 00:45:09.815233
105,419.6703738227742,839,0.6761172161172161,2025-08-28 01:45:09.815233
106,422.22315276002166,844,0.6801465201465201,2025-08-28 02:45:09.815233
107,440.7321618693158,881,0.70996336996337,2025-08-28 03:45:09.815233
108,393.6933568173993,787,0.6342124542124542,2025-08-28 04:45:09.815233
109,381.69606334041447,763,0.6148717948717949,2025-08-28 05:45:09.815233
110,361.43219603655075,722,0.5818315018315018,2025-08-28 06:45:09.815233
111,311.8374124645393,623,0.502051282051282,2025-08-28 07:45:09.815233
112,338.71265745483976,677,0.5455677655677655,2025-08-28 08:45:09.815233
113,331.92257189606545,663,0.5342857142857143,2025-08-28 09:45:09.815233
114,374.445089130114,748,0.6027838827838827,2025-08-28 10:45:09.815233
115,319.12371466730497,638,0.5141391941391941,2025-08-28 11:45:09.815233
116,330.2377878561196,660,0.5318681318681319,2025-08-28 12:45:09.815233
117,328.0782819573471,656,0.5286446886446886,2025-08-28 13:45:09.815233
118,312.9546002790309,625,0.5036630036630036,2025-08-28 14:45:09.815233
119,369.18927211671615,738,0.5947252747252747,2025-08-28 15:45:09.815233
120,373.1199336099373,746,0.6011721611721611,2025-08-28 16:45:09.815233
121,386.572801575406,773,0.6229304029304029,2025-08-28 17:45:09.815233
122,365.2762089622326,730,0.5882783882783883,2025-08-28 18:45:09.815233
123,423.3909614319681,846,0.6817582417582417,2025-08-28 19:45:09.815233
124,377.50695150668435,755,0.6084249084249085,2025-08-28 20:45:09.815233
125,425.1222981497919,850,0.684981684981685,2025-08-28 21:45:09.815233
126,462.126382687001,924,0.7446153846153846,2025-08-28 22:45:09.815233
127,400.18927349738624,800,0.6446886446886446,2025-08-28 23:45:09.815233
128,406.99131557874597,813,0.6551648351648351,2025-08-29 00:45:09.815233
129,415.3781835755394,830,0.6688644688644688,2025-08-29 01:45:09.815233
130,395.47445968020617,790,0.6366300366300366,2025-08-29 02:45:09.815233
131,364.3218065919236,728,0.5866666666666667,2025-08-29 03:45:09.815233
132,384.8352175542479,769,0.6197069597069597,2025-08-29 04:45:09.815233
133,349.5060883600231,699,0.5632967032967032,2025-08-29 05:45:09.815233
134,367.55312156890574,735,0.5923076923076923,2025-08-29 06:45:09.815233
135,327.9443311417398,655,0.5278388278388277,2025-08-29 07:45:09.815233
136,367.3268491317724,734,0.5915018315018314,2025-08-29 08:45:09.815233
137,313.1074515047272,626,0.5044688644688645,2025-08-29 09:45:09.815233
138,317.76561068533374,635,0.5117216117216117,2025-08-29 10:45:09.815233
139,339.2412783103208,678,0.5463736263736263,2025-08-29 11:45:09.815233
140,300.56296055172913,601,0.48432234432234433,2025-08-29 12:45:09.815233
141,335.2671663893275,670,0.5399267399267399,2025-08-29 13:45:09.815233
142,365.38579004947246,730,0.5882783882783883,2025-08-29 14:45:09.815233
143,318.0631720792957,636,0.5125274725274725,2025-08-29 15:45:09.815233
144,366.6137915225199,733,0.5906959706959707,2025-08-29 16:45:09.815233
145,381.74271141092754,763,0.6148717948717949,2025-08-29 17:45:09.815233
146,405.83825799630864,811,0.6535531135531135,2025-08-29 18:45:09.815233
147,378.26942962754333,756,0.6092307692307692,2025-08-29 19:45:09.815233
148,387.73300336204557,775,0.6245421245421244,2025-08-29 20:45:09.815233
149,433.3349193684322,866,0.6978754578754578,2025-08-29 21:45:09.815233
150,434.6673624407735,869,0.7002930402930403,2025-08-29 22:45:09.815233
151,436.3051629511555,872,0.7027106227106227,2025-08-29 23:45:09.815233
152,437.41064993718794,874,0.7043223443223443,2025-08-30 00:45:09.815233
153,412.8011740157435,825,0.6648351648351648,2025-08-30 01:45:09.815233
154,424.03945070708744,848,0.6833699633699634,2025-08-30 02:45:09.815233
155,415.8614494659737,831,0.6696703296703297,2025-08-30 03:45:09.815233
156,384.6358650464068,769,0.6197069597069597,2025-08-30 04:45:09.815233
157,424.29897804936866,848,0.6833699633699634,2025-08-30 05:45:09.815233
158,384.5389454335176,769,0.6197069597069597,2025-08-30 06:45:09.815233
159,340.2136993249553,680,0.5479853479853479,2025-08-30 07:45:09.815233
160,367.86736125469423,735,0.5923076923076923,2025-08-30 08:45:09.815233
161,328.3624411739045,656,0.5286446886446886,2025-08-30 09:45:09.815233
162,359.68082940732006,719,0.5794139194139193,2025-08-30 10:45:09.815233
163,366.49628356145865,732,0.5898901098901098,2025-08-30 11:45:09.815233
164,329.7127141036248,659,0.5310622710622711,2025-08-30 12:45:09.815233
165,371.49498441037906,742,0.5979487179487178,2025-08-30 13:45:09.815233
166,369.5413451963031,739,0.5955311355311355,2025-08-30 14:45:09.815233
167,389.1993003922972,778,0.6269597069597069,2025-08-30 15:45:09.815233
168,423.8731715696633,847,0.6825641025641025,2025-08-30 16:45:09.815233
169,395.09223767994246,790,0.6366300366300366,2025-08-30 17:45:09.815233
170,398.98796479626606,797,0.6422710622710622,2025-08-30 18:45:09.815233
171,409.4516142150823,818,0.6591941391941392,2025-08-30 19:45:09.815233
172,422.39806764311766,844,0.6801465201465201,2025-08-30 20:45:09.815233
173,446.230503986225,892,0.7188278388278388,2025-08-30 21:45:09.815233
174,460.6966790256737,921,0.7421978021978022,2025-08-30 22:45:09.815233
175,462.2094440052898,924,0.7446153846153846,2025-08-30 23:45:09.815233
176,472.60452764824953,945,0.7615384615384615,2025-08-31 00:45:09.815233
177,452.40396325910723,904,0.7284981684981684,2025-08-31 01:45:09.815233
178,474.3343924611286,948,0.763956043956044,2025-08-31 02:45:09.815233
179,430.6670940662328,861,0.6938461538461538,2025-08-31 03:45:09.815233
180,479.34109631651063,958,0.772014652014652,2025-08-31 04:45:09.815233
181,425.52985912882673,851,0.6857875457875457,2025-08-31 05:45:09.815233
182,383.93395546474034,767,0.618095238095238,2025-08-31 06:45:09.815233
183,368.58215003877785,737,0.5939194139194138,2025-08-31 07:45:09.815233
184,390.2550715409965,780,0.6285714285714284,2025-08-31 08:45:09.815233
185,369.1290758461699,738,0.5947252747252747,2025-08-31 09:45:09.815233
186,383.79832413459354,767,0.618095238095238,2025-08-31 10:45:09.815233
187,378.1694465472329,756,0.6092307692307692,2025-08-31 11:45:09.815233
188,369.8157527707528,739,0.5955311355311355,2025-08-31 12:45:09.815233
189,360.1680375825375,720,0.5802197802197803,2025-08-31 13:45:09.815233
190,355.56091988255184,711,0.5729670329670329,2025-08-31 14:45:09.815233
191,388.06125711355446,776,0.6253479853479853,2025-08-31 15:45:09.815233
192,426.9261753257069,853,0.6873992673992674,2025-08-31 16:45:09.815233
193,427.73681935664484,855,0.689010989010989,2025-08-31 17:45:09.815233
194,412.1641100738863,824,0.664029304029304,2025-08-31 18:45:09.815233
195,453.2507817465032,906,0.73010989010989,2025-08-31 19:45:09.815233
196,468.4634126307525,936,0.7542857142857142,2025-08-31 20:45:09.815233
197,451.6048835787323,903,0.7276923076923076,2025-08-31 21:45:09.815233
198,477.8942552385021,955,0.7695970695970695,2025-08-31 22:45:09.815233
199,478.1932404059926,956,0.7704029304029304,2025-08-31 23:45:09.815233
200,452.9337530339402,905,0.7293040293040293,2025-09-01 00:45:09.815233
201,478.3832298555136,956,0.7704029304029304,2025-09-01 01:45:09.815233
202,474.8875294959432,949,0.7647619047619048,2025-09-01 02:45:09.815233
203,475.3282090370898,950,0.7655677655677655,2025-09-01 03:45:09.815233
204,462.9947680844961,925,0.7454212454212454,2025-09-01 04:45:09.815233
205,401.69445000631316,803,0.6471062271062271,2025-09-01 05:45:09.815233
206,397.7795411435704,795,0.6406593406593406,2025-09-01 06:45:09.815233
207,414.96563013092714,829,0.6680586080586081,2025-09-01 07:45:09.815233
208,404.7317462557143,809,0.6519413919413919,2025-09-01 08:45:09.815233
209,396.9157974523344,793,0.6390476190476191,2025-09-01 09:45:09.815233
210,458.7373596422929,917,0.7389743589743589,2025-09-01 10:45:09.815233
211,391.41781021386333,782,0.6301831501831501,2025-09-01 11:45:09.815233
212,404.39404263281045,808,0.6511355311355311,2025-09-01 12:45:09.815233
213,405.6948789960775,811,0.6535531135531135,2025-09-01 13:45:09.815233
214,407.4838522635859,814,0.6559706959706959,2025-09-01 14:45:09.815233
215,398.3595398939467,796,0.6414652014652015,2025-09-01 15:45:09.815233
216,431.7154263517378,863,0.6954578754578754,2025-09-01 16:45:09.815233
217,413.7913330747032,827,0.6664468864468864,2025-09-01 17:45:09.815233
218,437.18235490899747,874,0.7043223443223443,2025-09-01 18:45:09.815233
219,443.9599132170019,887,0.7147985347985348,2025-09-01 19:45:09.815233
220,465.30932175630494,930,0.7494505494505495,2025-09-01 20:45:09.815233
221,517.5206539820183,1035,0.834065934065934,2025-09-01 21:45:09.815233
222,438.44785513871767,876,0.7059340659340658,2025-09-01 22:45:09.815233
223,490.7542698445629,981,0.7905494505494506,2025-09-01 23:45:09.815233
224,442.56543569579867,885,0.7131868131868132,2025-09-02 00:45:09.815233
225,459.84339498696653,919,0.7405860805860806,2025-09-02 01:45:09.815233
226,482.5360769755233,965,0.7776556776556776,2025-09-02 02:45:09.815233
227,451.0727636113892,902,0.7268864468864469,2025-09-02 03:45:09.815233
228,415.5239900895403,831,0.6696703296703297,2025-09-02 04:45:09.815233
229,409.14887028884186,818,0.6591941391941392,2025-09-02 05:45:09.815233
230,423.39015441793134,846,0.6817582417582417,2025-09-02 06:45:09.815233
231,382.38422352055187,764,0.6156776556776556,2025-09-02 07:45:09.815233
232,390.1870361679086,780,0.6285714285714284,2025-09-02 08:45:09.815233
233,378.01534874198194,756,0.6092307692307692,2025-09-02 09:45:09.815233
234,358.2403240717739,716,0.5769963369963369,2025-09-02 10:45:09.815233
235,411.5835758422685,823,0.6632234432234432,2025-09-02 11:45:09.815233
236,382.1966946991118,764,0.6156776556776556,2025-09-02 12:45:09.815233
237,333.0954798195346,666,0.5367032967032966,2025-09-02 13:45:09.815233
238,384.33470953152107,768,0.6189010989010989,2025-09-02 14:45:09.815233
239,376.76427070463205,753,0.6068131868131869,2025-09-02 15:45:09.815233
240,418.1257732889901,836,0.6736996336996337,2025-09-02 16:45:09.815233
241,397.1660974048723,794,0.6398534798534798,2025-09-02 17:45:09.815233
242,422.64298415538025,845,0.6809523809523809,2025-09-02 18:45:09.815233
243,446.059976310601,892,0.7188278388278388,2025-09-02 19:45:09.815233
244,462.57881480138485,925,0.7454212454212454,2025-09-02 20:45:09.815233
245,428.1379972804334,856,0.6898168498168498,2025-09-02 21:45:09.815233
246,449.37083795071,898,0.7236630036630036,2025-09-02 22:45:09.815233
247,447.1767217954703,894,0.7204395604395604,2025-09-02 23:45:09.815233
248,440.8070548778667,881,0.70996336996337,2025-09-03 00:45:09.815233
249,483.0816229801292,966,0.7784615384615384,2025-09-03 01:45:09.815233
250,446.81390756164615,893,0.7196336996336996,2025-09-03 02:45:09.815233
251,402.02422372089194,804,0.6479120879120879,2025-09-03 03:45:09.815233
252,432.419927024511,864,0.6962637362637363,2025-09-03 04:45:09.815233
253,442.4431239402526,884,0.7123809523809523,2025-09-03 05:45:09.815233
254,406.5866171276074,813,0.6551648351648351,2025-09-03 06:45:09.815233
255,342.3706978733269,684,0.5512087912087912,2025-09-03 07:45:09.815233
256,351.6010452002484,703,0.5665201465201465,2025-09-03 08:45:09.815233
257,377.5656848092255,755,0.6084249084249085,2025-09-03 09:45:09.815233
258,331.97297115828354,663,0.5342857142857143,2025-09-03 10:45:09.815233
259,352.20076054423515,704,0.5673260073260072,2025-09-03 11:45:09.815233
260,359.4318184010576,718,0.5786080586080585,2025-09-03 12:45:09.815233
261,329.3174651468893,658,0.5302564102564102,2025-09-03 13:45:09.815233
262,353.5457819607814,707,0.5697435897435897,2025-09-03 14:45:09.815233
263,299.2144224676268,598,0.4819047619047619,2025-09-03 15:45:09.815233
264,354.57453418859575,709,0.5713553113553113,2025-09-03 16:45:09.815233
265,381.9321247986103,763,0.6148717948717949,2025-09-03 17:45:09.815233
266,373.96722976763715,747,0.6019780219780219,2025-09-03 18:45:09.815233
267,442.64822607863243,885,0.7131868131868132,2025-09-03 19:45:09.815233
268,390.79154920465476,781,0.6293772893772893,2025-09-03 20:45:09.815233
269,417.6007787133735,835,0.6728937728937728,2025-09-03 21:45:09.815233
270,433.09649729297007,866,0.6978754578754578,2025-09-03 22:45:09.815233
271,460.1207717255603,920,0.7413919413919414,2025-09-03 23:45:09.815233
272,400.0104259525211,800,0.6446886446886446,2025-09-04 00:45:09.815233
273,446.1593630991935,892,0.7188278388278388,2025-09-04 01:45:09.815233
274,414.3467968441228,828,0.6672527472527472,2025-09-04 02:45:09.815233
275,383.37827082414594,766,0.6172893772893773,2025-09-04 03:45:09.815233
276,399.4438700460279,798,0.6430769230769231,2025-09-04 04:45:09.815233
277,380.5262494374289,761,0.6132600732600733,2025-09-04 05:45:09.815233
278,350.91677680869793,701,0.5649084249084249,2025-09-04 06:45:09.815233
279,351.6088784703207,703,0.5665201465201465,2025-09-04 07:45:09.815233
280,331.5366630265892,663,0.5342857142857143,2025-09-04 08:45:09.815233
281,332.9883146022699,665,0.5358974358974359,2025-09-04 09:45:09.815233
282,338.42286037082926,676,0.5447619047619047,2025-09-04 10:45:09.815233
283,354.6912702858345,709,0.5713553113553113,2025-09-04 11:45:09.815233
284,299.45053103291025,598,0.4819047619047619,2025-09-04 12:45:09.815233
285,371.4331848445774,742,0.5979487179487178,2025-09-04 13:45:09.815233
286,297.28640504097154,594,0.4786813186813187,2025-09-04 14:45:09.815233
287,343.29711392570385,686,0.5528205128205127,2025-09-04 15:45:09.815233
288,369.84761708589355,739,0.5955311355311355,2025-09-04 16:45:09.815233
289,376.3719999892458,752,0.606007326007326,2025-09-04 17:45:09.815233
290,371.0099676617151,742,0.5979487179487178,2025-09-04 18:45:09.815233
291,391.1726302061007,782,0.6301831501831501,2025-09-04 19:45:09.815233
292,395.6839540693533,791,0.6374358974358975,2025-09-04 20:45:09.815233
293,401.597861134902,803,0.6471062271062271,2025-09-04 21:45:09.815233
294,435.3093121112219,870,0.701098901098901,2025-09-04 22:45:09.815233
295,427.14030971930094,854,0.6882051282051282,2025-09-04 23:45:09.815233
296,404.4590782655884,808,0.6511355311355311,2025-09-05 00:45:09.815233
297,431.37715378245167,862,0.6946520146520146,2025-09-05 01:45:09.815233
298,411.68996318006214,823,0.6632234432234432,2025-09-05 02:45:09.815233
299,411.59231759002546,823,0.6632234432234432,2025-09-05 03:45:09.815233
300,396.05653489660006,792,0.6382417582417582,2025-09-05 04:45:09.815233
301,354.1722624161039,708,0.5705494505494505,2025-09-05 05:45:09.815233
302,346.8776521522628,693,0.5584615384615385,2025-09-05 06:45:09.815233
303,361.2786879288814,722,0.5818315018315018,2025-09-05 07:45:09.815233
304,348.53556634009095,697,0.5616849816849817,2025-09-05 08:45:09.815233
305,328.35448547216913,656,0.5286446886446886,2025-09-05 09:45:09.815233
306,326.55338867562295,653,0.5262271062271061,2025-09-05 10:45:09.815233
307,348.5242318786959,697,0.5616849816849817,2025-09-05 11:45:09.815233
308,313.3488191036917,626,0.5044688644688645,2025-09-05 12:45:09.815233
309,341.6599153206456,683,0.5504029304029303,2025-09-05 13:45:09.815233
310,335.19908191514594,670,0.5399267399267399,2025-09-05 14:45:09.815233
311,345.8592127059758,691,0.5568498168498168,2025-09-05 15:45:09.815233
312,384.8966513916175,769,0.6197069597069597,2025-09-05 16:45:09.815233
313,393.0533825057191,786,0.6334065934065934,2025-09-05 17:45:09.815233
314,406.4719932807751,812,0.6543589743589743,2025-09-05 18:45:09.815233
315,429.11801998819146,858,0.6914285714285714,2025-09-05 19:45:09.815233
316,414.5622124563862,829,0.6680586080586081,2025-09-05 20:45:09.815233
317,436.53514748199353,873,0.7035164835164834,2025-09-05 21:45:09.815233
318,422.52233384424073,845,0.6809523809523809,2025-09-05 22:45:09.815233
319,437.7786329940068,875,0.7051282051282051,2025-09-05 23:45:09.815233
320,427.87882465989475,855,0.689010989010989,2025-09-06 00:45:09.815233
321,428.3415877471676,856,0.6898168498168498,2025-09-06 01:45:09.815233
322,431.29751727260566,862,0.6946520146520146,2025-09-06 02:45:09.815233
323,393.63558633533097,787,0.6342124542124542,2025-09-06 03:45:09.815233
324,440.7706389206434,881,0.70996336996337,2025-09-06 04:45:09.815233
325,366.86314019647955,733,0.5906959706959707,2025-09-06 05:45:09.815233
326,350.7785147595277,701,0.5649084249084249,2025-09-06 06:45:09.815233
327,387.2019867390096,774,0.6237362637362637,2025-09-06 07:45:09.815233
328,370.56954296127617,741,0.5971428571428571,2025-09-06 08:45:09.815233
329,360.3384709194944,720,0.5802197802197803,2025-09-06 09:45:09.815233
330,356.50604751775666,713,0.5745787545787545,2025-09-06 10:45:09.815233
331,343.0794365243722,686,0.5528205128205127,2025-09-06 11:45:09.815233
332,328.1812730409424,656,0.5286446886446886,2025-09-06 12:45:09.815233
333,353.7435529893675,707,0.5697435897435897,2025-09-06 13:45:09.815233
334,347.74249242733106,695,0.5600732600732601,2025-09-06 14:45:09.815233
335,392.2604918607626,784,0.6317948717948718,2025-09-06 15:45:09.815233
336,382.9961642865408,765,0.6164835164835165,2025-09-06 16:45:09.815233
337,383.4900560641496,766,0.6172893772893773,2025-09-06 17:45:09.815233
338,407.6349712503554,815,0.6567765567765567,2025-09-06 18:45:09.815233
339,435.50053189310523,871,0.7019047619047618,2025-09-06 19:45:09.815233
340,427.4397822863468,854,0.6882051282051282,2025-09-06 20:45:09.815233
341,431.3281302631786,862,0.6946520146520146,2025-09-06 21:45:09.815233
342,458.7473837591788,917,0.7389743589743589,2025-09-06 22:45:09.815233
343,461.57495944086384,923,0.7438095238095238,2025-09-06 23:45:09.815233
344,445.9219991601065,891,0.718021978021978,2025-09-07 00:45:09.815233
345,442.72315930918273,885,0.7131868131868132,2025-09-07 01:45:09.815233
346,449.904709665135,899,0.7244688644688644,2025-09-07 02:45:09.815233
347,406.9985439010454,813,0.6551648351648351,2025-09-07 03:45:09.815233
348,396.78843749718686,793,0.6390476190476191,2025-09-07 04:45:09.815233
349,398.6476277484787,797,0.6422710622710622,2025-09-07 05:45:09.815233
350,396.80816355882916,793,0.6390476190476191,2025-09-07 06:45:09.815233
351,396.2181513119605,792,0.6382417582417582,2025-09-07 07:45:09.815233
352,410.1127475751239,820,0.6608058608058608,2025-09-07 08:45:09.815233
353,390.7515240167273,781,0.6293772893772893,2025-09-07 09:45:09.815233
354,366.3195436534831,732,0.5898901098901098,2025-09-07 10:45:09.815233
355,368.32436989770827,736,0.5931135531135531,2025-09-07 11:45:09.815233
356,351.22174373113387,702,0.5657142857142857,2025-09-07 12:45:09.815233
357,376.7336492240578,753,0.6068131868131869,2025-09-07 13:45:09.815233
358,380.0846915978659,760,0.6124542124542125,2025-09-07 14:45:09.815233
359,403.4459273616566,806,0.6495238095238095,2025-09-07 15:45:09.815233
360,393.25358056819084,786,0.6334065934065934,2025-09-07 16:45:09.815233
361,433.8418747588645,867,0.6986813186813187,2025-09-07 17:45:09.815233
362,467.7336639081768,935,0.7534798534798535,2025-09-07 18:45:09.815233
363,447.6119602603423,895,0.7212454212454212,2025-09-07 19:45:09.815233
364,468.79129947815477,937,0.755091575091575,2025-09-07 20:45:09.815233
365,483.0849121369772,966,0.7784615384615384,2025-09-07 21:45:09.815233
366,466.79534368187507,933,0.7518681318681318,2025-09-07 22:45:09.815233
367,481.51091567328086,963,0.776043956043956,2025-09-07 23:45:09.815233
368,476.04500700618854,952,0.7671794871794871,2025-09-08 00:45:09.815233
369,473.18100461952497,946,0.7623443223443224,2025-09-08 01:45:09.815233
370,448.2116432914693,896,0.722051282051282,2025-09-08 02:45:09.815233
371,454.1573876587635,908,0.7317216117216117,2025-09-08 03:45:09.815233
372,451.87869286870716,903,0.7276923076923076,2025-09-08 04:45:09.815233
373,458.27070952135585,916,0.7381684981684982,2025-09-08 05:45:09.815233
374,435.7214584635767,871,0.7019047619047618,2025-09-08 06:45:09.815233
375,447.72857393698456,895,0.7212454212454212,2025-09-08 07:45:09.815233
376,379.10907597970925,758,0.6108424908424909,2025-09-08 08:45:09.815233
377,404.0612564606271,808,0.6511355311355311,2025-09-08 09:45:09.815233
378,385.34956994396566,770,0.6205128205128204,2025-09-08 10:45:09.815233
379,423.79605866435344,847,0.6825641025641025,2025-09-08 11:45:09.815233
380,365.5167641220954,731,0.5890842490842491,2025-09-08 12:45:09.815233
381,369.82040688259804,739,0.5955311355311355,2025-09-08 13:45:09.815233
382,382.46817432858893,764,0.6156776556776556,2025-09-08 14:45:09.815233
383,362.1870103005574,724,0.5834432234432234,2025-09-08 15:45:09.815233
384,406.0209415082568,812,0.6543589743589743,2025-09-08 16:45:09.815233
385,414.06518413438056,828,0.6672527472527472,2025-09-08 17:45:09.815233
386,444.92660277332243,889,0.7164102564102564,2025-09-08 18:45:09.815233
387,460.50230368912736,921,0.7421978021978022,2025-09-08 19:45:09.815233
388,501.1952557528964,1002,0.8074725274725274,2025-09-08 20:45:09.815233
389,490.2359594122688,980,0.7897435897435897,2025-09-08 21:45:09.815233
390,464.25508587730457,928,0.7478388278388278,2025-09-08 22:45:09.815233
391,459.06077261010546,918,0.7397802197802198,2025-09-08 23:45:09.815233
392,484.65813654972186,969,0.7808791208791208,2025-09-09 00:45:09.815233
393,442.8773681623424,885,0.7131868131868132,2025-09-09 01:45:09.815233
394,497.3862403532629,994,0.801025641025641,2025-09-09 02:45:09.815233
395,473.3759656439064,946,0.7623443223443224,2025-09-09 03:45:09.815233
396,427.69537260603244,855,0.689010989010989,2025-09-09 04:45:09.815233
397,389.19225389222333,778,0.6269597069597069,2025-09-09 05:45:09.815233
398,436.87564692254614,873,0.7035164835164834,2025-09-09 06:45:09.815233
399,394.70075924984235,789,0.6358241758241758,2025-09-09 07:45:09.815233
400,410.61419061573844,821,0.6616117216117217,2025-09-09 08:45:09.815233
401,345.2153587680182,690,0.5560439560439561,2025-09-09 09:45:09.815233
402,359.28483056481497,718,0.5786080586080585,2025-09-09 10:45:09.815233
403,368.80956805012573,737,0.5939194139194138,2025-09-09 11:45:09.815233
404,370.4579261280463,740,0.5963369963369963,2025-09-09 12:45:09.815233
405,364.5970221231018,729,0.5874725274725274,2025-09-09 13:45:09.815233
406,393.06262188308244,786,0.6334065934065934,2025-09-09 14:45:09.815233
407,368.6475914123481,737,0.5939194139194138,2025-09-09 15:45:09.815233
408,398.22951689264033,796,0.6414652014652015,2025-09-09 16:45:09.815233
409,415.4224248077641,830,0.6688644688644688,2025-09-09 17:45:09.815233
410,435.2264896658931,870,0.701098901098901,2025-09-09 18:45:09.815233
411,450.19252829276934,900,0.7252747252747253,2025-09-09 19:45:09.815233
412,422.770869081225,845,0.6809523809523809,2025-09-09 20:45:09.815233
413,421.4616420068365,842,0.6785347985347985,2025-09-09 21:45:09.815233
414,481.6143991054993,963,0.776043956043956,2025-09-09 22:45:09.815233
415,463.3219082582813,926,0.7462271062271062,2025-09-09 23:45:09.815233
416,438.90390879820995,877,0.7067399267399267,2025-09-10 00:45:09.815233
417,478.7955776849576,957,0.7712087912087912,2025-09-10 01:45:09.815233
418,441.027766028284,882,0.7107692307692308,2025-09-10 02:45:09.815233
419,450.8278464888691,901,0.726080586080586,2025-09-10 03:45:09.815233
420,415.41305771161814,830,0.6688644688644688,2025-09-10 04:45:09.815233
421,441.2149584976394,882,0.7107692307692308,2025-09-10 05:45:09.815233
422,421.04412876544893,842,0.6785347985347985,2025-09-10 06:45:09.815233
423,367.77881422282604,735,0.5923076923076923,2025-09-10 07:45:09.815233
424,380.71714567666095,761,0.6132600732600733,2025-09-10 08:45:09.815233
425,365.1349808171958,730,0.5882783882783883,2025-09-10 09:45:09.815233
426,373.4989916213063,746,0.6011721611721611,2025-09-10 10:45:09.815233
427,324.0259027697085,648,0.5221978021978021,2025-09-10 11:45:09.815233
428,357.6601665324398,715,0.5761904761904761,2025-09-10 12:45:09.815233
429,369.02456431544243,738,0.5947252747252747,2025-09-10 13:45:09.815233
430,319.5614993535553,639,0.5149450549450549,2025-09-10 14:45:09.815233
431,340.3745990156923,680,0.5479853479853479,2025-09-10 15:45:09.815233
432,334.2776434600798,668,0.5383150183150183,2025-09-10 16:45:09.815233
433,381.5953511375819,763,0.6148717948717949,2025-09-10 17:45:09.815233
434,413.27373852285365,826,0.6656410256410257,2025-09-10 18:45:09.815233
435,440.04714104191993,880,0.7091575091575092,2025-09-10 19:45:09.815233
436,420.8762723722626,841,0.6777289377289377,2025-09-10 20:45:09.815233
437,458.97397935873886,917,0.7389743589743589,2025-09-10 21:45:09.815233
438,402.87965658295053,805,0.6487179487179486,2025-09-10 22:45:09.815233
439,397.22765715713484,794,0.6398534798534798,2025-09-10 23:45:09.815233
440,427.61671499817743,855,0.689010989010989,2025-09-11 00:45:09.815233
441,430.5773970348803,861,0.6938461538461538,2025-09-11 01:45:09.815233
442,413.48824066184955,826,0.6656410256410257,2025-09-11 02:45:09.815233
443,361.6596018443079,723,0.5826373626373627,2025-09-11 03:45:09.815233
444,388.41939977050714,776,0.6253479853479853,2025-09-11 04:45:09.815233
445,350.4556655158621,700,0.5641025641025641,2025-09-11 05:45:09.815233
446,376.31456532847506,752,0.606007326007326,2025-09-11 06:45:09.815233
447,357.5448016924571,715,0.5761904761904761,2025-09-11 07:45:09.815233
448,320.4453392372776,640,0.5157509157509157,2025-09-11 08:45:09.815233
449,320.4406293505113,640,0.5157509157509157,2025-09-11 09:45:09.815233
450,303.9959764426292,607,0.4891575091575091,2025-09-11 10:45:09.815233
451,321.717352017464,643,0.5181684981684981,2025-09-11 11:45:09.815233
452,343.30968741947214,686,0.5528205128205127,2025-09-11 12:45:09.815233
453,309.057996424741,618,0.49802197802197795,2025-09-11 13:45:09.815233
454,346.40909134177866,692,0.5576556776556777,2025-09-11 14:45:09.815233
455,335.72766345896633,671,0.5407326007326007,2025-09-11 15:45:09.815233
456,342.22381631095476,684,0.5512087912087912,2025-09-11 16:45:09.815233
457,368.61155543545357,737,0.5939194139194138,2025-09-11 17:45:09.815233
458,362.75911160973976,725,0.5842490842490843,2025-09-11 18:45:09.815233
459,384.26208910630214,768,0.6189010989010989,2025-09-11 19:45:09.815233
460,381.58641491075315,763,0.6148717948717949,2025-09-11 20:45:09.815233
461,452.67965893211453,905,0.7293040293040293,2025-09-11 21:45:09.815233
462,419.0225412102359,838,0.6753113553113552,2025-09-11 22:45:09.815233
463,406.0054898401483,812,0.6543589743589743,2025-09-11 23:45:09.815233
464,422.596868385486,845,0.6809523809523809,2025-09-12 00:45:09.815233
465,411.13859527996993,822,0.6624175824175824,2025-09-12 01:45:09.815233
466,401.1245807718658,802,0.6463003663003662,2025-09-12 02:45:09.815233
467,407.61840921411454,815,0.6567765567765567,2025-09-12 03:45:09.815233
468,398.61411225907426,797,0.6422710622710622,2025-09-12 04:45:09.815233
469,360.14213968233514,720,0.5802197802197803,2025-09-12 05:45:09.815233
470,346.564908143309,693,0.5584615384615385,2025-09-12 06:45:09.815233
471,340.8317818833831,681,0.5487912087912087,2025-09-12 07:45:09.815233
472,290.28973773670975,580,0.46739926739926735,2025-09-12 08:45:09.815233
473,298.4686961074809,596,0.4802930402930403,2025-09-12 09:45:09.815233
474,351.54432635833774,703,0.5665201465201465,2025-09-12 10:45:09.815233
475,355.8702882329531,711,0.5729670329670329,2025-09-12 11:45:09.815233
476,320.1995260892807,640,0.5157509157509157,2025-09-12 12:45:09.815233
477,342.2491069583599,684,0.5512087912087912,2025-09-12 13:45:09.815233
478,345.46793805469474,690,0.5560439560439561,2025-09-12 14:45:09.815233
479,411.7904529396246,823,0.6632234432234432,2025-09-12 15:45:09.815233
480,385.3126125805655,770,0.6205128205128204,2025-09-12 16:45:09.815233
481,373.9867036963428,747,0.6019780219780219,2025-09-12 17:45:09.815233
482,371.09099174875337,742,0.5979487179487178,2025-09-12 18:45:09.815233
483,370.87951743995364,741,0.5971428571428571,2025-09-12 19:45:09.815233
484,418.21140834107507,836,0.6736996336996337,2025-09-12 20:45:09.815233
485,407.76907315040836,815,0.6567765567765567,2025-09-12 21:45:09.815233
486,400.2825947841562,800,0.6446886446886446,2025-09-12 22:45:09.815233
487,418.36384825938745,836,0.6736996336996337,2025-09-12 23:45:09.815233
488,408.85072567496064,817,0.6583882783882784,2025-09-13 00:45:09.815233
489,460.14450114876473,920,0.7413919413919414,2025-09-13 01:45:09.815233
490,437.02717190285665,874,0.7043223443223443,2025-09-13 02:45:09.815233
491,409.8405471736678,819,0.66,2025-09-13 03:45:09.815233
492,428.52177618473445,857,0.6906227106227106,2025-09-13 04:45:09.815233
493,388.5308539794264,777,0.6261538461538461,2025-09-13 05:45:09.815233
494,357.8366029887168,715,0.5761904761904761,2025-09-13 06:45:09.815233
495,394.5022508144012,789,0.6358241758241758,2025-09-13 07:45:09.815233
496,365.51448995571036,731,0.5890842490842491,2025-09-13 08:45:09.815233
497,327.11115149192204,654,0.527032967032967,2025-09-13 09:45:09.815233
498,340.1323637707988,680,0.5479853479853479,2025-09-13 10:45:09.815233
499,325.81200691361533,651,0.5246153846153846,2025-09-13 11:45:09.815233
500,318.47036585137226,636,0.5125274725274725,2025-09-13 12:45:09.815233
501,370.7510127761255,741,0.5971428571428571,2025-09-13 13:45:09.815233
502,399.47405946697614,798,0.6430769230769231,2025-09-13 14:45:09.815233
503,344.786745716025,689,0.5552380952380952,2025-09-13 15:45:09.815233
504,397.19669665039527,794,0.6398534798534798,2025-09-13 16:45:09.815233
505,386.98714861756355,773,0.6229304029304029,2025-09-13 17:45:09.815233
506,404.320180408121,808,0.6511355311355311,2025-09-13 18:45:09.815233
507,415.3940243228149,830,0.6688644688644688,2025-09-13 19:45:09.815233
508,421.4344579488302,842,0.6785347985347985,2025-09-13 20:45:09.815233
509,448.74297073340387,897,0.7228571428571429,2025-09-13 21:45:09.815233
510,437.25463720111986,874,0.7043223443223443,2025-09-13 22:45:09.815233
511,462.08476453428625,924,0.7446153846153846,2025-09-13 23:45:09.815233
512,455.0561004785465,910,0.7333333333333333,2025-09-14 00:45:09.815233
513,447.3649644842213,894,0.7204395604395604,2025-09-14 01:45:09.815233
514,427.11243767715064,854,0.6882051282051282,2025-09-14 02:45:09.815233
515,424.4248041196251,848,0.6833699633699634,2025-09-14 03:45:09.815233
516,440.04553750123284,880,0.7091575091575092,2025-09-14 04:45:09.815233
517,423.0348559260148,846,0.6817582417582417,2025-09-14 05:45:09.815233
518,381.5260016970948,763,0.6148717948717949,2025-09-14 06:45:09.815233
519,391.9866461085853,783,0.630989010989011,2025-09-14 07:45:09.815233
520,395.6333657035688,791,0.6374358974358975,2025-09-14 08:45:09.815233
521,340.21022593025936,680,0.5479853479853479,2025-09-14 09:45:09.815233
522,380.3855181003502,760,0.6124542124542125,2025-09-14 10:45:09.815233
523,355.452218876845,710,0.5721611721611721,2025-09-14 11:45:09.815233
524,382.6843043957534,765,0.6164835164835165,2025-09-14 12:45:09.815233
525,361.8387288130554,723,0.5826373626373627,2025-09-14 13:45:09.815233
526,349.760222362978,699,0.5632967032967032,2025-09-14 14:45:09.815233
527,364.4407073972312,728,0.5866666666666667,2025-09-14 15:45:09.815233
528,410.75989837246516,821,0.6616117216117217,2025-09-14 16:45:09.815233
529,428.64939450847095,857,0.6906227106227106,2025-09-14 17:45:09.815233
530,418.9925531460374,837,0.6745054945054945,2025-09-14 18:45:09.815233
531,462.55901240502715,925,0.7454212454212454,2025-09-14 19:45:09.815233
532,427.52666379079585,855,0.689010989010989,2025-09-14 20:45:09.815233
533,467.9604363298084,935,0.7534798534798535,2025-09-14 21:45:09.815233
534,450.59942912434246,901,0.726080586080586,2025-09-14 22:45:09.815233
535,463.99234388102934,927,0.747032967032967,2025-09-14 23:45:09.815233
536,476.7411324168808,953,0.767985347985348,2025-09-15 00:45:09.815233
537,454.0192153428692,908,0.7317216117216117,2025-09-15 01:45:09.815233
538,455.98072808398183,911,0.734139194139194,2025-09-15 02:45:09.815233
539,473.7930403578739,947,0.7631501831501831,2025-09-15 03:45:09.815233
540,430.3808896533356,860,0.693040293040293,2025-09-15 04:45:09.815233
541,445.9616796067576,891,0.718021978021978,2025-09-15 05:45:09.815233
542,393.9419048487199,787,0.6342124542124542,2025-09-15 06:45:09.815233
543,415.2610083450601,830,0.6688644688644688,2025-09-15 07:45:09.815233
544,423.28739965062806,846,0.6817582417582417,2025-09-15 08:45:09.815233
545,337.1819537236676,674,0.5431501831501832,2025-09-15 09:45:09.815233
546,365.74482471978916,731,0.5890842490842491,2025-09-15 10:45:09.815233
547,391.5414425436108,783,0.630989010989011,2025-09-15 11:45:09.815233
548,377.6218221083387,755,0.6084249084249085,2025-09-15 12:45:09.815233
549,394.03776119363994,788,0.6350183150183151,2025-09-15 13:45:09.815233
550,382.3763235031532,764,0.6156776556776556,2025-09-15 14:45:09.815233
551,406.3967205362118,812,0.6543589743589743,2025-09-15 15:45:09.815233
552,413.42249723403,826,0.6656410256410257,2025-09-15 16:45:09.815233
553,452.6034785986502,905,0.7293040293040293,2025-09-15 17:45:09.815233
554,447.0071439098221,894,0.7204395604395604,2025-09-15 18:45:09.815233
555,460.41923741508845,920,0.7413919413919414,2025-09-15 19:45:09.815233
556,455.43429964612955,910,0.7333333333333333,2025-09-15 20:45:09.815233
557,461.4753581670981,922,0.7430036630036629,2025-09-15 21:45:09.815233
558,467.14199523416033,934,0.7526739926739926,2025-09-15 22:45:09.815233
559,484.9181088846385,969,0.7808791208791208,2025-09-15 23:45:09.815233
560,466.4000635031866,932,0.751062271062271,2025-09-16 00:45:09.815233
561,475.0775294406834,950,0.7655677655677655,2025-09-16 01:45:09.815233
562,502.2650810090844,1004,0.809084249084249,2025-09-16 02:45:09.815233
563,467.2096572981142,934,0.7526739926739926,2025-09-16 03:45:09.815233
564,430.5584150047695,861,0.6938461538461538,2025-09-16 04:45:09.815233
565,447.479222917321,894,0.7204395604395604,2025-09-16 05:45:09.815233
566,401.6366919788073,803,0.6471062271062271,2025-09-16 06:45:09.815233
567,356.22906545133793,712,0.5737728937728938,2025-09-16 07:45:09.815233
568,365.696138157921,731,0.5890842490842491,2025-09-16 08:45:09.815233
569,339.68807352338825,679,0.5471794871794872,2025-09-16 09:45:09.815233
570,364.2420613430642,728,0.5866666666666667,2025-09-16 10:45:09.815233
571,369.07306163955303,738,0.5947252747252747,2025-09-16 11:45:09.815233
572,403.04706049825705,806,0.6495238095238095,2025-09-16 12:45:09.815233
573,380.1368790279697,760,0.6124542124542125,2025-09-16 13:45:09.815233
574,376.22361265995545,752,0.606007326007326,2025-09-16 14:45:09.815233
575,406.58811162367,813,0.6551648351648351,2025-09-16 15:45:09.815233
576,356.85440041290747,713,0.5745787545787545,2025-09-16 16:45:09.815233
577,417.7288033356978,835,0.6728937728937728,2025-09-16 17:45:09.815233
578,440.3550168624578,880,0.7091575091575092,2025-09-16 18:45:09.815233
579,406.3885058153943,812,0.6543589743589743,2025-09-16 19:45:09.815233
580,468.1387917821206,936,0.7542857142857142,2025-09-16 20:45:09.815233
581,458.9138535714374,917,0.7389743589743589,2025-09-16 21:45:09.815233
582,447.7551043895131,895,0.7212454212454212,2025-09-16 22:45:09.815233
583,469.3312653408152,938,0.7558974358974359,2025-09-16 23:45:09.815233
584,499.2874966854288,998,0.8042490842490841,2025-09-17 00:45:09.815233
585,451.4098632756777,902,0.7268864468864469,2025-09-17 01:45:09.815233
586,443.6786850684339,887,0.7147985347985348,2025-09-17 02:45:09.815233
587,418.0546848167882,836,0.6736996336996337,2025-09-17 03:45:09.815233
588,397.06580069411984,794,0.6398534798534798,2025-09-17 04:45:09.815233
589,416.60671633088435,833,0.6712820512820512,2025-09-17 05:45:09.815233
590,368.81563539840727,737,0.5939194139194138,2025-09-17 06:45:09.815233
591,374.18942193679516,748,0.6027838827838827,2025-09-17 07:45:09.815233
592,351.7325777222718,703,0.5665201465201465,2025-09-17 08:45:09.815233
593,361.8070583404209,723,0.5826373626373627,2025-09-17 09:45:09.815233
594,352.79960257639823,705,0.5681318681318681,2025-09-17 10:45:09.815233
595,364.0751708664685,728,0.5866666666666667,2025-09-17 11:45:09.815233
596,333.7388093553759,667,0.5375091575091575,2025-09-17 12:45:09.815233
597,342.45857587258337,684,0.5512087912087912,2025-09-17 13:45:09.815233
598,335.1610147663707,670,0.5399267399267399,2025-09-17 14:45:09.815233
599,355.15390406748526,710,0.5721611721611721,2025-09-17 15:45:09.815233
600,382.60829687617843,765,0.6164835164835165,2025-09-17 16:45:09.815233
601,402.1232601593804,804,0.6479120879120879,2025-09-17 17:45:09.815233
602,380.47958692338216,760,0.6124542124542125,2025-09-17 18:45:09.815233
603,427.3921184021128,854,0.6882051282051282,2025-09-17 19:45:09.815233
604,446.5071339399663,893,0.7196336996336996,2025-09-17 20:45:09.815233
605,434.67036651178677,869,0.7002930402930403,2025-09-17 21:45:09.815233
606,468.0176019984095,936,0.7542857142857142,2025-09-17 22:45:09.815233
607,415.8195219621666,831,0.6696703296703297,2025-09-17 23:45:09.815233
608,403.8345749098814,807,0.6503296703296703,2025-09-18 00:45:09.815233
609,387.3216830780093,774,0.6237362637362637,2025-09-18 01:45:09.815233
610,444.06302185351484,888,0.7156043956043956,2025-09-18 02:45:09.815233
611,416.0957569721863,832,0.6704761904761904,2025-09-18 03:45:09.815233
612,389.0901071425543,778,0.6269597069597069,2025-09-18 04:45:09.815233
613,382.14442805235603,764,0.6156776556776556,2025-09-18 05:45:09.815233
614,340.4113334059065,680,0.5479853479853479,2025-09-18 06:45:09.815233
615,399.1278763628564,798,0.6430769230769231,2025-09-18 07:45:09.815233
616,341.8273586033292,683,0.5504029304029303,2025-09-18 08:45:09.815233
617,332.9058635893429,665,0.5358974358974359,2025-09-18 09:45:09.815233
618,339.6955793583825,679,0.5471794871794872,2025-09-18 10:45:09.815233
619,332.59111859766165,665,0.5358974358974359,2025-09-18 11:45:09.815233
620,328.6845214950299,657,0.5294505494505495,2025-09-18 12:45:09.815233
621,312.96302824254576,625,0.5036630036630036,2025-09-18 13:45:09.815233
622,345.7575281741419,691,0.5568498168498168,2025-09-18 14:45:09.815233
623,383.97330575591604,767,0.618095238095238,2025-09-18 15:45:09.815233
624,384.98967387930145,769,0.6197069597069597,2025-09-18 16:45:09.815233
625,402.6158951673322,805,0.6487179487179486,2025-09-18 17:45:09.815233
626,373.2396445295031,746,0.6011721611721611,2025-09-18 18:45:09.815233
627,375.5429788080744,751,0.6052014652014651,2025-09-18 19:45:09.815233
628,403.02823436053734,806,0.6495238095238095,2025-09-18 20:45:09.815233
629,414.49965451956007,828,0.6672527472527472,2025-09-18 21:45:09.815233
630,440.20110054022035,880,0.7091575091575092,2025-09-18 22:45:09.815233
631,386.1507074057036,772,0.622124542124542,2025-09-18 23:45:09.815233
632,448.908276560014,897,0.7228571428571429,2025-09-19 00:45:09.815233
633,410.2249983022069,820,0.6608058608058608,2025-09-19 01:45:09.815233
634,397.0063513635817,794,0.6398534798534798,2025-09-19 02:45:09.815233
635,375.0929877080424,750,0.6043956043956044,2025-09-19 03:45:09.815233
636,350.36682462081257,700,0.5641025641025641,2025-09-19 04:45:09.815233
637,387.21557431378375,774,0.6237362637362637,2025-09-19 05:45:09.815233
638,359.5476322999711,719,0.5794139194139193,2025-09-19 06:45:09.815233
639,320.53359783159533,641,0.5165567765567766,2025-09-19 07:45:09.815233
640,310.42658559014944,620,0.4996336996336996,2025-09-19 08:45:09.815233
641,322.0568233656493,644,0.518974358974359,2025-09-19 09:45:09.815233
642,357.587271515235,715,0.5761904761904761,2025-09-19 10:45:09.815233
643,317.7791069356553,635,0.5117216117216117,2025-09-19 11:45:09.815233
644,295.11738781804615,590,0.4754578754578754,2025-09-19 12:45:09.815233
645,325.8031064155255,651,0.5246153846153846,2025-09-19 13:45:09.815233
646,333.78846356887027,667,0.5375091575091575,2025-09-19 14:45:09.815233
647,296.2751039116886,592,0.47706959706959706,2025-09-19 15:45:09.815233
648,361.8352170215179,723,0.5826373626373627,2025-09-19 16:45:09.815233
649,371.92636492178485,743,0.5987545787545787,2025-09-19 17:45:09.815233
650,404.12592785703055,808,0.6511355311355311,2025-09-19 18:45:09.815233
651,439.987565744011,879,0.7083516483516483,2025-09-19 19:45:09.815233
652,436.67343621468547,873,0.7035164835164834,2025-09-19 20:45:09.815233
653,417.51831424499744,835,0.6728937728937728,2025-09-19 21:45:09.815233
654,406.59715080127637,813,0.6551648351648351,2025-09-19 22:45:09.815233
655,482.7625020092352,965,0.7776556776556776,2025-09-19 23:45:09.815233
656,431.6660544275382,863,0.6954578754578754,2025-09-20 00:45:09.815233
657,426.6802542855729,853,0.6873992673992674,2025-09-20 01:45:09.815233
658,418.911875021667,837,0.6745054945054945,2025-09-20 02:45:09.815233
659,413.9616952153577,827,0.6664468864468864,2025-09-20 03:45:09.815233
660,396.03568516845553,792,0.6382417582417582,2025-09-20 04:45:09.815233
661,375.5102476888697,751,0.6052014652014651,2025-09-20 05:45:09.815233
662,364.1251081904732,728,0.5866666666666667,2025-09-20 06:45:09.815233
663,363.3847038646885,726,0.585054945054945,2025-09-20 07:45:09.815233
664,343.8677936593432,687,0.5536263736263736,2025-09-20 08:45:09.815233
665,333.59915892490744,667,0.5375091575091575,2025-09-20 09:45:09.815233
666,346.067741886309,692,0.5576556776556777,2025-09-20 10:45:09.815233
667,338.2248276328934,676,0.5447619047619047,2025-09-20 11:45:09.815233
668,376.20622024231255,752,0.606007326007326,2025-09-20 12:45:09.815233
669,299.208065657633,598,0.4819047619047619,2025-09-20 13:45:09.815233
670,383.1158636960224,766,0.6172893772893773,2025-09-20 14:45:09.815233
671,397.6798010423588,795,0.6406593406593406,2025-09-20 15:45:09.815233
672,344.46950726842033,688,0.5544322344322344,2025-09-20 16:45:09.815233
673,393.14624811839263,786,0.6334065934065934,2025-09-20 17:45:09.815233
674,406.63387076350006,813,0.6551648351648351,2025-09-20 18:45:09.815233
675,399.0916689132355,798,0.6430769230769231,2025-09-20 19:45:09.815233
676,423.15793959060983,846,0.6817582417582417,2025-09-20 20:45:09.815233
677,425.5610212651906,851,0.6857875457875457,2025-09-20 21:45:09.815233
678,488.91904839781296,977,0.7873260073260073,2025-09-20 22:45:09.815233
679,475.38919588163856,950,0.7655677655677655,2025-09-20 23:45:09.815233
680,481.49196456741225,962,0.7752380952380952,2025-09-21 00:45:09.815233
681,466.5773667024136,933,0.7518681318681318,2025-09-21 01:45:09.815233
682,422.6826754936382,845,0.6809523809523809,2025-09-21 02:45:09.815233
683,425.4698254053977,850,0.684981684981685,2025-09-21 03:45:09.815233
684,434.7252042092765,869,0.7002930402930403,2025-09-21 04:45:09.815233
685,388.5739559956887,777,0.6261538461538461,2025-09-21 05:45:09.815233
686,415.337075196514,830,0.6688644688644688,2025-09-21 06:45:09.815233
687,385.19349203683737,770,0.6205128205128204,2025-09-21 07:45:09.815233
688,373.10920708514044,746,0.6011721611721611,2025-09-21 08:45:09.815233
689,387.8175309167568,775,0.6245421245421244,2025-09-21 09:45:09.815233
690,378.40358048247276,756,0.6092307692307692,2025-09-21 10:45:09.815233
691,361.48537073938047,722,0.5818315018315018,2025-09-21 11:45:09.815233
692,394.458927091175,788,0.6350183150183151,2025-09-21 12:45:09.815233
693,355.48264539190745,710,0.5721611721611721,2025-09-21 13:45:09.815233
694,398.17657651515333,796,0.6414652014652015,2025-09-21 14:45:09.815233
695,408.853581314263,817,0.6583882783882784,2025-09-21 15:45:09.815233
696,403.6072706529573,807,0.6503296703296703,2025-09-21 16:45:09.815233
697,429.9776049188818,859,0.6922344322344323,2025-09-21 17:45:09.815233
698,412.0566141204205,824,0.664029304029304,2025-09-21 18:45:09.815233
699,468.2677036136173,936,0.7542857142857142,2025-09-21 19:45:09.815233
700,457.05902230731596,914,0.7365567765567765,2025-09-21 20:45:09.815233
701,458.8275718923737,917,0.7389743589743589,2025-09-21 21:45:09.815233
702,495.7999376363297,991,0.7986080586080586,2025-09-21 22:45:09.815233
703,462.9421922262174,925,0.7454212454212454,2025-09-21 23:45:09.815233
704,447.6239330632818,895,0.7212454212454212,2025-09-22 00:45:09.815233
705,440.09489917807036,880,0.7091575091575092,2025-09-22 01:45:09.815233
706,475.7920379954915,951,0.7663736263736264,2025-09-22 02:45:09.815233
707,428.0585971236586,856,0.6898168498168498,2025-09-22 03:45:09.815233
708,477.0146106834863,954,0.7687912087912088,2025-09-22 04:45:09.815233
709,387.6092492077793,775,0.6245421245421244,2025-09-22 05:45:09.815233
710,450.4651693076735,900,0.7252747252747253,2025-09-22 06:45:09.815233
711,408.88527413080715,817,0.6583882783882784,2025-09-22 07:45:09.815233
712,392.5217650000625,785,0.6326007326007326,2025-09-22 08:45:09.815233
713,375.71646199003465,751,0.6052014652014651,2025-09-22 09:45:09.815233
714,389.6654521162399,779,0.6277655677655677,2025-09-22 10:45:09.815233
715,379.24730595150305,758,0.6108424908424909,2025-09-22 11:45:09.815233
716,403.74876746952924,807,0.6503296703296703,2025-09-22 12:45:09.815233
717,388.8993966994543,777,0.6261538461538461,2025-09-22 13:45:09.815233
718,397.4620624667068,794,0.6398534798534798,2025-09-22 14:45:09.815233
719,397.39268054247634,794,0.6398534798534798,2025-09-22 15:45:09.815233
720,415.3971294674511,830,0.6688644688644688,2025-09-22 16:45:09.815233
